stock_id,trade_date,dealer_net,foreign_net,investment_trust_net,institutional_net,margin_balance,short_balance,margin_change,short_change,securities_lending,updated_at
7769,2024-11-01,0,131019,0,131019,,,,,,2026-07-24T11:49:14.256061+08:00
7769,2024-11-04,0,101405,0,101405,,,,,,2026-07-24T11:49:14.256061+08:00
7769,2024-11-05,0,53349,0,53349,,,,,,2026-07-24T11:49:14.256061+08:00
7769,2024-11-06,0,125226,0,125226,,,,,,2026-07-24T11:49:14.256061+08:00
7769,2024-11-07,0,72731,0,72731,,,,,,2026-07-24T11:49:14.256061+08:00
7769,2024-11-08,0,20156,0,20156,,,,,,2026-07-24T11:49:14.256061+08:00
7769,2024-11-11,0,9421,0,9421,,,,,,2026-07-24T11:49:14.256061+08:00
7769,2024-11-12,0,31135,0,31135,,,,,,2026-07-24T11:49:14.256061+08:00
7769,2024-11-13,0,9072,0,9072,,,,,,2026-07-24T11:49:14.256061+08:00
7769,2024-11-14,0,-32449,0,-32449,,,,,,2026-07-24T11:49:14.256061+08:00
7769,2024-11-15,0,665671,0,665671,,,,,,2026-07-24T11:49:14.256061+08:00
7769,2024-11-18,0,-16932,0,-16932,,,,,,2026-07-24T11:49:14.256061+08:00
7769,2024-11-19,0,-24155,0,-24155,,,,,,2026-07-24T11:49:14.256061+08:00
7769,2024-11-20,0,-31459,0,-31459,,,,,,2026-07-24T11:49:14.256061+08:00
7769,2024-11-21,0,356642,0,356642,,,,,,2026-07-24T11:49:14.256061+08:00
7769,2024-11-22,0,102209,0,102209,,,,,,2026-07-24T11:49:14.256061+08:00
7769,2024-11-25,0,-23726,0,-23726,,,,,,2026-07-24T11:49:14.256061+08:00
7769,2024-11-26,0,12153,0,12153,,,,,,2026-07-24T11:49:14.256061+08:00
7769,2024-11-27,0,36459,0,36459,,,,,,2026-07-24T11:49:14.256061+08:00
7769,2024-11-28,0,26347,0,26347,,,,,,2026-07-24T11:49:14.256061+08:00
7769,2024-11-29,0,19950,0,19950,,,,,,2026-07-24T11:49:14.256061+08:00
7769,2024-12-02,0,102333,0,102333,,,,,,2026-07-24T11:49:14.256061+08:00
7769,2024-12-03,0,201585,0,201585,,,,,,2026-07-24T11:49:14.256061+08:00
7769,2024-12-04,0,52297,0,52297,,,,,,2026-07-24T11:49:14.256061+08:00
7769,2024-12-05,0,15867,0,15867,,,,,,2026-07-24T11:49:14.256061+08:00
7769,2024-12-06,0,4285,0,4285,,,,,,2026-07-24T11:49:14.256061+08:00
7769,2024-12-09,0,29898,0,29898,,,,,,2026-07-24T11:49:14.256061+08:00
7769,2024-12-10,0,-3734,0,-3734,,,,,,2026-07-24T11:49:14.256061+08:00
7769,2024-12-11,0,5255,0,5255,,,,,,2026-07-24T11:49:14.256061+08:00
7769,2024-12-12,0,9142,0,9142,,,,,,2026-07-24T11:49:14.256061+08:00
7769,2024-12-13,0,57634,0,57634,,,,,,2026-07-24T11:49:14.256061+08:00
7769,2024-12-16,0,51475,0,51475,,,,,,2026-07-24T11:49:14.256061+08:00
7769,2024-12-17,0,40563,0,40563,,,,,,2026-07-24T11:49:14.256061+08:00
7769,2024-12-18,0,-57520,0,-57520,,,,,,2026-07-24T11:49:14.256061+08:00
7769,2024-12-19,0,8519,0,8519,,,,,,2026-07-24T11:49:14.256061+08:00
7769,2024-12-20,0,1190,0,1190,,,,,,2026-07-24T11:49:14.256061+08:00
7769,2024-12-23,0,5854,0,5854,,,,,,2026-07-24T11:49:14.256061+08:00
7769,2024-12-24,0,8911,0,8911,,,,,,2026-07-24T11:49:14.256061+08:00
7769,2024-12-25,0,1530,0,1530,,,,,,2026-07-24T11:49:14.256061+08:00
7769,2024-12-26,0,13817,0,13817,,,,,,2026-07-24T11:49:14.256061+08:00
7769,2024-12-27,0,5163,0,5163,,,,,,2026-07-24T11:49:14.256061+08:00
7769,2024-12-30,0,-590,0,-590,,,,,,2026-07-24T11:49:14.256061+08:00
7769,2024-12-31,0,31284,0,31284,,,,,,2026-07-24T11:49:14.256061+08:00
7769,2025-01-02,0,13695,0,13695,,,,,,2026-07-24T11:49:14.256061+08:00
7769,2025-01-03,0,3702,0,3702,,,,,,2026-07-24T11:49:14.256061+08:00
7769,2025-01-06,0,60401,0,60401,,,,,,2026-07-24T11:49:14.256061+08:00
7769,2025-01-07,6000,72174,0,78174,,,,,,2026-07-24T11:49:14.256061+08:00
7769,2025-01-08,-4000,80646,0,76646,,,,,,2026-07-24T11:49:14.256061+08:00
7769,2025-01-09,-2000,20154,0,18154,,,,,,2026-07-24T11:49:14.256061+08:00
7769,2025-01-10,0,36296,0,36296,,,,,,2026-07-24T11:49:14.256061+08:00
7769,2025-01-13,0,-27804,0,-27804,,,,,,2026-07-24T11:49:14.256061+08:00
7769,2025-01-14,0,-2326,0,-2326,,,,,,2026-07-24T11:49:14.256061+08:00
7769,2025-01-15,0,-27499,0,-27499,,,,,,2026-07-24T11:49:14.256061+08:00
7769,2025-01-16,0,97731,0,97731,,,,,,2026-07-24T11:49:14.256061+08:00
7769,2025-01-17,0,64375,0,64375,,,,,,2026-07-24T11:49:14.256061+08:00
7769,2025-01-20,0,8228,0,8228,,,,,,2026-07-24T11:49:14.256061+08:00
7769,2025-01-21,0,4818,0,4818,,,,,,2026-07-24T11:49:14.256061+08:00
7769,2025-01-22,0,-5946,0,-5946,,,,,,2026-07-24T11:49:14.256061+08:00
7769,2025-02-03,0,-80839,0,-80839,,,,,,2026-07-24T11:49:14.256061+08:00
7769,2025-02-04,0,-58478,0,-58478,,,,,,2026-07-24T11:49:14.256061+08:00
7769,2025-02-05,0,44450,0,44450,,,,,,2026-07-24T11:49:14.256061+08:00
7769,2025-02-06,3000,13700,0,16700,,,,,,2026-07-24T11:49:14.256061+08:00
7769,2025-02-07,0,10563,0,10563,,,,,,2026-07-24T11:49:14.256061+08:00
7769,2025-02-10,-3000,-41956,0,-44956,,,,,,2026-07-24T11:49:14.256061+08:00
7769,2025-02-11,0,-9248,0,-9248,,,,,,2026-07-24T11:49:14.256061+08:00
7769,2025-02-12,0,-23931,0,-23931,,,,,,2026-07-24T11:49:14.256061+08:00
7769,2025-02-13,0,-2351,0,-2351,,,,,,2026-07-24T11:49:14.256061+08:00
7769,2025-02-14,0,-15177,0,-15177,,,,,,2026-07-24T11:49:14.256061+08:00
7769,2025-02-17,0,-26231,0,-26231,,,,,,2026-07-24T11:49:14.256061+08:00
7769,2025-02-18,0,3085,0,3085,,,,,,2026-07-24T11:49:14.256061+08:00
7769,2025-02-19,0,3345,0,3345,,,,,,2026-07-24T11:49:14.256061+08:00
7769,2025-02-20,0,4435,0,4435,,,,,,2026-07-24T11:49:14.256061+08:00
7769,2025-02-21,0,26039,0,26039,,,,,,2026-07-24T11:49:14.256061+08:00
7769,2025-02-24,0,1278,0,1278,,,,,,2026-07-24T11:49:14.256061+08:00
7769,2025-02-25,0,4479,0,4479,,,,,,2026-07-24T11:49:14.256061+08:00
7769,2025-02-26,0,2248,0,2248,,,,,,2026-07-24T11:49:14.256061+08:00
7769,2025-02-27,0,-100742,0,-100742,,,,,,2026-07-24T11:49:14.256061+08:00
7769,2025-03-03,0,-32852,0,-32852,,,,,,2026-07-24T11:49:14.256061+08:00
7769,2025-03-04,0,-9080,0,-9080,,,,,,2026-07-24T11:49:14.256061+08:00
7769,2025-03-05,0,-1753,0,-1753,,,,,,2026-07-24T11:49:14.256061+08:00
7769,2025-03-06,0,-587,0,-587,,,,,,2026-07-24T11:49:14.256061+08:00
7769,2025-03-07,0,-6341,0,-6341,,,,,,2026-07-24T11:49:14.256061+08:00
7769,2025-03-10,0,-21962,0,-21962,,,,,,2026-07-24T11:49:14.256061+08:00
7769,2025-03-11,0,-57543,0,-57543,,,,,,2026-07-24T11:49:14.256061+08:00
7769,2025-03-12,0,2095,0,2095,,,,,,2026-07-24T11:49:14.256061+08:00
7769,2025-03-13,0,2809,0,2809,,,,,,2026-07-24T11:49:14.256061+08:00
7769,2025-03-14,0,1745,0,1745,,,,,,2026-07-24T11:49:14.256061+08:00
7769,2025-03-17,0,2274,0,2274,,,,,,2026-07-24T11:49:14.256061+08:00
7769,2025-03-18,5000,547,0,5547,,,,,,2026-07-24T11:49:14.256061+08:00
7769,2025-03-19,5000,9845,0,14845,,,,,,2026-07-24T11:49:14.256061+08:00
7769,2025-03-20,0,4354,0,4354,,,,,,2026-07-24T11:49:14.256061+08:00
7769,2025-03-21,0,-36898,0,-36898,,,,,,2026-07-24T11:49:14.256061+08:00
7769,2025-03-24,0,700,0,700,,,,,,2026-07-24T11:49:14.256061+08:00
7769,2025-03-25,0,-1141,0,-1141,,,,,,2026-07-24T11:49:14.256061+08:00
7769,2025-03-26,0,-16746,0,-16746,,,,,,2026-07-24T11:49:14.256061+08:00
7769,2025-03-27,0,-3360,0,-3360,,,,,,2026-07-24T11:49:14.256061+08:00
7769,2025-03-28,0,-13000,0,-13000,,,,,,2026-07-24T11:49:14.256061+08:00
7769,2025-03-31,0,-23639,0,-23639,,,,,,2026-07-24T11:49:14.256061+08:00
7769,2025-04-01,0,-94,0,-94,,,,,,2026-07-24T11:49:14.256061+08:00
7769,2025-04-02,0,-6162,0,-6162,,,,,,2026-07-24T11:49:14.256061+08:00
7769,2025-04-07,0,-48004,0,-48004,,,,,,2026-07-24T11:49:14.256061+08:00
7769,2025-04-08,6000,22354,0,28354,,,,,,2026-07-24T11:49:14.256061+08:00
7769,2025-04-09,4000,-31056,0,-27056,,,,,,2026-07-24T11:49:14.256061+08:00
7769,2025-04-10,0,6899,0,6899,,,,,,2026-07-24T11:49:14.256061+08:00
7769,2025-04-11,1500,5399,0,6899,,,,,,2026-07-24T11:49:14.256061+08:00
7769,2025-04-14,0,-9929,0,-9929,,,,,,2026-07-24T11:49:14.256061+08:00
7769,2025-04-15,0,169,0,169,,,,,,2026-07-24T11:49:14.256061+08:00
7769,2025-04-16,-11500,1843,0,-9657,,,,,,2026-07-24T11:49:14.256061+08:00
7769,2025-04-17,0,5709,0,5709,,,,,,2026-07-24T11:49:14.256061+08:00
7769,2025-04-18,0,13021,0,13021,,,,,,2026-07-24T11:49:14.256061+08:00
7769,2025-04-21,30000,-11770,0,18230,,,,,,2026-07-24T11:49:14.256061+08:00
7769,2025-04-22,0,6664,0,6664,,,,,,2026-07-24T11:49:14.256061+08:00
7769,2025-04-23,0,247,0,247,,,,,,2026-07-24T11:49:14.256061+08:00
7769,2025-04-24,0,-17840,0,-17840,,,,,,2026-07-24T11:49:14.256061+08:00
7769,2025-04-25,0,-14660,0,-14660,,,,,,2026-07-24T11:49:14.256061+08:00
7769,2025-04-28,0,20040,0,20040,,,,,,2026-07-24T11:49:14.256061+08:00
7769,2025-04-29,0,-11194,0,-11194,,,,,,2026-07-24T11:49:14.256061+08:00
7769,2025-04-30,0,5560,0,5560,,,,,,2026-07-24T11:49:14.256061+08:00
7769,2025-05-02,0,-4528,0,-4528,,,,,,2026-07-24T11:49:14.256061+08:00
7769,2025-05-05,0,6728,0,6728,,,,,,2026-07-24T11:49:14.256061+08:00
7769,2025-05-06,0,-11129,0,-11129,,,,,,2026-07-24T11:49:14.256061+08:00
7769,2025-05-07,0,8603,0,8603,,,,,,2026-07-24T11:49:14.256061+08:00
7769,2025-05-08,0,-7026,0,-7026,,,,,,2026-07-24T11:49:14.256061+08:00
7769,2025-05-09,0,6649,0,6649,,,,,,2026-07-24T11:49:14.256061+08:00
7769,2025-05-12,0,14061,0,14061,,,,,,2026-07-24T11:49:14.256061+08:00
7769,2025-05-13,0,6772,0,6772,,,,,,2026-07-24T11:49:14.256061+08:00
7769,2025-05-14,0,30440,0,30440,,,,,,2026-07-24T11:49:14.256061+08:00
7769,2025-05-15,0,-5200,0,-5200,,,,,,2026-07-24T11:49:14.256061+08:00
7769,2025-05-16,0,-2174,0,-2174,,,,,,2026-07-24T11:49:14.256061+08:00
7769,2025-05-19,0,-1742,0,-1742,,,,,,2026-07-24T11:49:14.256061+08:00
7769,2025-05-20,0,5148,0,5148,,,,,,2026-07-24T11:49:14.256061+08:00
7769,2025-05-21,0,735,0,735,,,,,,2026-07-24T11:49:14.256061+08:00
7769,2025-05-22,0,20486,0,20486,,,,,,2026-07-24T11:49:14.256061+08:00
7769,2025-05-23,0,11306,0,11306,,,,,,2026-07-24T11:49:14.256061+08:00
7769,2025-05-26,0,26111,0,26111,,,,,,2026-07-24T11:49:14.256061+08:00
7769,2025-05-27,0,40170,0,40170,,,,,,2026-07-24T11:49:14.256061+08:00
7769,2025-05-28,0,-11999,0,-11999,,,,,,2026-07-24T11:49:14.256061+08:00
7769,2025-05-29,0,6792,0,6792,,,,,,2026-07-24T11:49:14.256061+08:00
7769,2025-06-02,0,13171,0,13171,,,,,,2026-07-24T11:49:14.256061+08:00
7769,2025-06-03,0,28965,0,28965,,,,,,2026-07-24T11:49:14.256061+08:00
7769,2025-06-04,0,31729,0,31729,,,,,,2026-07-24T11:49:14.256061+08:00
7769,2025-06-05,0,25835,0,25835,,,,,,2026-07-24T11:49:14.256061+08:00
7769,2025-06-06,0,-8985,0,-8985,,,,,,2026-07-24T11:49:14.256061+08:00
7769,2025-06-09,0,65897,0,65897,,,,,,2026-07-24T11:49:14.256061+08:00
7769,2025-06-10,10000,17173,0,27173,,,,,,2026-07-24T11:49:14.256061+08:00
7769,2025-06-11,2000,1458,0,3458,,,,,,2026-07-24T11:49:14.256061+08:00
7769,2025-06-12,0,5756,0,5756,,,,,,2026-07-24T11:49:14.256061+08:00
7769,2025-06-13,0,133,0,133,,,,,,2026-07-24T11:49:14.256061+08:00
7769,2025-06-16,0,7561,0,7561,,,,,,2026-07-24T11:49:14.256061+08:00
7769,2025-06-17,0,46841,0,46841,,,,,,2026-07-24T11:49:14.256061+08:00
7769,2025-06-18,2000,67681,0,69681,,,,,,2026-07-24T11:49:14.256061+08:00
7769,2025-06-19,6000,14491,0,20491,,,,,,2026-07-24T11:49:14.256061+08:00
7769,2025-06-20,2000,34852,0,36852,,,,,,2026-07-24T11:49:14.256061+08:00
7769,2025-06-23,0,24943,0,24943,,,,,,2026-07-24T11:49:14.256061+08:00
7769,2025-06-24,0,10506,0,10506,,,,,,2026-07-24T11:49:14.256061+08:00
7769,2025-06-25,0,-30279,0,-30279,,,,,,2026-07-24T11:49:14.256061+08:00
7769,2025-06-26,0,8039,0,8039,,,,,,2026-07-24T11:49:14.256061+08:00
7769,2025-06-27,0,23294,0,23294,,,,,,2026-07-24T11:49:14.256061+08:00
7769,2025-06-30,0,46791,0,46791,,,,,,2026-07-24T11:49:14.256061+08:00
7769,2025-07-01,0,49910,0,49910,,,,,,2026-07-24T11:49:14.256061+08:00
7769,2025-07-02,0,39829,0,39829,,,,,,2026-07-24T11:49:14.256061+08:00
7769,2025-07-03,0,-119795,0,-119795,,,,,,2026-07-24T11:49:14.256061+08:00
7769,2025-07-04,0,-53016,0,-53016,,,,,,2026-07-24T11:49:14.256061+08:00
7769,2025-07-07,0,13710,0,13710,,,,,,2026-07-24T11:49:14.256061+08:00
7769,2025-07-08,1000,63962,0,64962,,,,,,2026-07-24T11:49:14.256061+08:00
7769,2025-07-09,0,102280,0,102280,,,,,,2026-07-24T11:49:14.256061+08:00
7769,2025-07-10,1000,68106,0,69106,,,,,,2026-07-24T11:49:14.256061+08:00
7769,2025-07-11,0,27972,0,27972,,,,,,2026-07-24T11:49:14.256061+08:00
7769,2025-07-14,0,-63255,0,-63255,,,,,,2026-07-24T11:49:14.256061+08:00
7769,2025-07-15,-4000,34971,0,30971,,,,,,2026-07-24T11:49:14.256061+08:00
7769,2025-07-16,0,174349,0,174349,,,,,,2026-07-24T11:49:14.256061+08:00
7769,2025-07-17,0,160160,0,160160,,,,,,2026-07-24T11:49:14.256061+08:00
7769,2025-07-18,0,81343,0,81343,,,,,,2026-07-24T11:49:14.256061+08:00
7769,2025-07-21,0,2011655,0,2011655,,,,,,2026-07-24T11:49:14.256061+08:00
7769,2025-07-22,0,171039,0,171039,,,,,,2026-07-24T11:49:14.256061+08:00
7769,2025-07-23,0,26650,0,26650,,,,,,2026-07-24T11:49:14.256061+08:00
7769,2025-07-24,0,-16313,0,-16313,,,,,,2026-07-24T11:49:14.256061+08:00
7769,2025-07-25,0,-108585,0,-108585,,,,,,2026-07-24T11:49:14.256061+08:00
7769,2025-07-28,-2000,-648,0,-2648,,,,,,2026-07-24T11:49:14.256061+08:00
7769,2025-07-29,-4000,34611,0,30611,,,,,,2026-07-24T11:49:14.256061+08:00
7769,2025-07-30,0,11260,0,11260,,,,,,2026-07-24T11:49:14.256061+08:00
7769,2025-07-31,0,45917,0,45917,,,,,,2026-07-24T11:49:14.256061+08:00
7769,2025-08-01,2000,-17519,0,-15519,,,,,,2026-07-24T11:49:14.256061+08:00
7769,2025-08-04,0,816,0,816,,,,,,2026-07-24T11:49:14.256061+08:00
7769,2025-08-05,4000,-75204,0,-71204,,,,,,2026-07-24T11:49:14.256061+08:00
7769,2025-08-06,0,25573,0,25573,,,,,,2026-07-24T11:49:14.256061+08:00
7769,2025-08-07,0,-32863,0,-32863,,,,,,2026-07-24T11:49:14.256061+08:00
7769,2025-08-08,0,164884,0,164884,,,,,,2026-07-24T11:49:14.256061+08:00
7769,2025-08-11,0,113101,0,113101,,,,,,2026-07-24T11:49:14.256061+08:00
7769,2025-08-12,0,79271,0,79271,,,,,,2026-07-24T11:49:14.256061+08:00
7769,2025-08-13,-5000,24433,0,19433,,,,,,2026-07-24T11:49:14.256061+08:00
7769,2025-08-14,0,30794,0,30794,,,,,,2026-07-24T11:49:14.256061+08:00
7769,2025-08-15,0,-81998,0,-81998,,,,,,2026-07-24T11:49:14.256061+08:00
7769,2025-08-18,-5000,-49216,0,-54216,,,,,,2026-07-24T11:49:14.256061+08:00
7769,2025-08-19,0,11584,0,11584,,,,,,2026-07-24T11:49:14.256061+08:00
7769,2025-08-20,0,342626,0,342626,,,,,,2026-07-24T11:49:14.256061+08:00
7769,2025-08-21,15000,439864,0,454864,,,,,,2026-07-24T11:49:14.256061+08:00
7769,2025-08-22,0,35110,0,35110,,,,,,2026-07-24T11:49:14.256061+08:00
7769,2025-08-25,0,-26075,0,-26075,,,,,,2026-07-24T11:49:14.256061+08:00
7769,2025-08-26,0,-2284,0,-2284,,,,,,2026-07-24T11:49:14.256061+08:00
7769,2025-08-27,0,7961,0,7961,,,,,,2026-07-24T11:49:14.256061+08:00
7769,2025-08-28,0,20373,0,20373,,,,,,2026-07-24T11:49:14.256061+08:00
7769,2025-08-29,0,-6229,0,-6229,,,,,,2026-07-24T11:49:14.256061+08:00
7769,2025-09-01,0,-5928,0,-5928,,,,,,2026-07-24T11:49:14.256061+08:00
7769,2025-09-02,0,28202,0,28202,,,,,,2026-07-24T11:49:14.256061+08:00
7769,2025-09-03,0,6750,0,6750,,,,,,2026-07-24T11:49:14.256061+08:00
7769,2025-09-04,0,-2614,0,-2614,,,,,,2026-07-24T11:49:14.256061+08:00
7769,2025-09-05,0,101195,0,101195,,,,,,2026-07-24T11:49:14.256061+08:00
7769,2025-09-08,0,15504,0,15504,,,,,,2026-07-24T11:49:14.256061+08:00
7769,2025-09-09,0,546,0,546,,,,,,2026-07-24T11:49:14.256061+08:00
7769,2025-09-10,0,-8060,0,-8060,,,,,,2026-07-24T11:49:14.256061+08:00
7769,2025-09-11,0,4270,0,4270,,,,,,2026-07-24T11:49:14.256061+08:00
7769,2025-09-12,0,208512,0,208512,,,,,,2026-07-24T11:49:14.256061+08:00
7769,2025-09-15,0,254303,0,254303,,,,,,2026-07-24T11:49:14.256061+08:00
7769,2025-09-16,0,149795,0,149795,,,,,,2026-07-24T11:49:14.256061+08:00
7769,2025-09-17,0,32770,0,32770,,,,,,2026-07-24T11:49:14.256061+08:00
7769,2025-09-18,0,67521,0,67521,,,,,,2026-07-24T11:49:14.256061+08:00
7769,2025-09-19,0,20092,0,20092,,,,,,2026-07-24T11:49:14.256061+08:00
7769,2025-09-22,0,63758,0,63758,,,,,,2026-07-24T11:49:14.256061+08:00
7769,2025-09-23,0,-194352,0,-194352,,,,,,2026-07-24T11:49:14.256061+08:00
7769,2025-09-24,0,-116334,0,-116334,,,,,,2026-07-24T11:49:14.256061+08:00
7769,2025-09-25,0,-21817,0,-21817,,,,,,2026-07-24T11:49:14.256061+08:00
7769,2025-09-26,0,-109533,0,-109533,,,,,,2026-07-24T11:49:14.256061+08:00
7769,2025-09-30,0,-57793,0,-57793,,,,,,2026-07-24T11:49:14.256061+08:00
7769,2025-10-01,0,25222,0,25222,,,,,,2026-07-24T11:49:14.256061+08:00
7769,2025-10-02,0,323890,0,323890,,,,,,2026-07-24T11:49:14.256061+08:00
7769,2025-10-03,0,140389,0,140389,,,,,,2026-07-24T11:49:14.256061+08:00
7769,2025-10-07,0,149064,0,149064,,,,,,2026-07-24T11:49:14.256061+08:00
7769,2025-10-08,0,9510,0,9510,,,,,,2026-07-24T11:49:14.256061+08:00
7769,2025-10-09,0,46501,0,46501,,,,,,2026-07-24T11:49:14.256061+08:00
7769,2025-10-13,0,79226,0,79226,,,,,,2026-07-24T11:49:14.256061+08:00
7769,2025-10-14,0,234256,0,234256,,,,,,2026-07-24T11:49:14.256061+08:00
7769,2025-10-15,0,74289,0,74289,,,,,,2026-07-24T11:49:14.256061+08:00
7769,2025-10-16,10000,23782,0,33782,,,,,,2026-07-24T11:49:14.256061+08:00
7769,2025-10-17,-1000,173477,0,172477,,,,,,2026-07-24T11:49:14.256061+08:00
7769,2025-10-20,-1000,79411,0,78411,,,,,,2026-07-24T11:49:14.256061+08:00
7769,2025-10-21,-1000,201544,0,200544,,,,,,2026-07-24T11:49:14.256061+08:00
7769,2025-10-22,-1000,150718,0,149718,,,,,,2026-07-24T11:49:14.256061+08:00
7769,2025-10-23,-1000,274483,0,273483,,,,,,2026-07-24T11:49:14.256061+08:00
7769,2025-10-27,-1000,549945,0,548945,,,,,,2026-07-24T11:49:14.256061+08:00
7769,2025-10-28,-1000,309718,0,308718,,,,,,2026-07-24T11:49:14.256061+08:00
7769,2025-10-29,-1000,547886,0,546886,,,,,,2026-07-24T11:49:14.256061+08:00
7769,2025-10-30,-1000,157129,0,156129,,,,,,2026-07-24T11:49:14.256061+08:00
7769,2025-10-31,-1000,690718,0,689718,,,,,,2026-07-24T11:49:14.256061+08:00
7769,2025-11-03,0,195532,0,195532,,,,,,2026-07-24T11:49:14.256061+08:00
7769,2025-11-04,0,-39061,0,-39061,,,,,,2026-07-24T11:49:14.256061+08:00
7769,2025-11-05,0,190359,0,190359,,,,,,2026-07-24T11:49:14.256061+08:00
7769,2025-11-06,0,59733,0,59733,,,,,,2026-07-24T11:49:14.256061+08:00
7769,2025-11-07,0,478856,0,478856,,,,,,2026-07-24T11:49:14.256061+08:00
7769,2025-11-10,0,208333,0,208333,,,,,,2026-07-24T11:49:14.256061+08:00
7769,2025-11-11,0,142853,0,142853,,,,,,2026-07-24T11:49:14.256061+08:00
7769,2025-11-12,0,372775,0,372775,,,,,,2026-07-24T11:49:14.256061+08:00
7769,2025-11-13,0,462592,0,462592,,,,,,2026-07-24T11:49:14.256061+08:00
7769,2025-11-14,0,173058,0,173058,,,,,,2026-07-24T11:49:14.256061+08:00
7769,2025-11-17,0,292528,0,292528,,,,,,2026-07-24T11:49:14.256061+08:00
7769,2025-11-18,0,193376,0,193376,,,,,,2026-07-24T11:49:14.256061+08:00
7769,2025-11-19,0,299942,0,299942,,,,,,2026-07-24T11:49:14.256061+08:00
7769,2025-11-20,0,304870,0,304870,,,,,,2026-07-24T11:49:14.256061+08:00
7769,2025-11-21,0,-450039,0,-450039,,,,,,2026-07-24T11:49:14.256061+08:00
7769,2025-11-24,0,301193,0,301193,,,,,,2026-07-24T11:49:14.256061+08:00
7769,2025-11-25,0,468935,0,468935,,,,,,2026-07-24T11:49:14.256061+08:00
7769,2025-11-26,0,-54241,0,-54241,,,,,,2026-07-24T11:49:14.256061+08:00
7769,2025-11-27,20000,442041,1074000,1536041,,,,,,2026-07-24T11:49:14.256061+08:00
7769,2025-11-28,13000,820336,222200,1055536,,,,,,2026-07-24T11:49:14.256061+08:00
7769,2025-12-01,38000,134792,186000,358792,,,,,,2026-07-24T11:49:14.256061+08:00
7769,2025-12-02,8000,294818,117000,419818,,,,,,2026-07-24T11:49:14.256061+08:00
7769,2025-12-03,35000,1270713,280000,1585713,,,,,,2026-07-24T11:49:14.256061+08:00
7769,2025-12-04,16645,-208782,177000,-15137,,,,,,2026-07-24T11:49:14.256061+08:00
7769,2025-12-05,-1007,-32900,45000,11093,,,,,,2026-07-24T11:49:14.256061+08:00
7769,2025-12-08,-2000,193344,20000,211344,,,,,,2026-07-24T11:49:14.256061+08:00
7769,2025-12-09,-8000,225122,37000,254122,,,,,,2026-07-24T11:49:14.256061+08:00
7769,2025-12-10,28741,974701,250000,1253442,,,,,,2026-07-24T11:49:14.256061+08:00
7769,2025-12-11,9110,148317,179318,336745,,,,,,2026-07-24T11:49:14.256061+08:00
7769,2025-12-12,-37000,71227,92000,126227,,,,,,2026-07-24T11:49:14.256061+08:00
7769,2025-12-15,-37000,232714,37000,232714,,,,,,2026-07-24T11:49:14.256061+08:00
7769,2025-12-16,-22000,290172,83639,351811,,,,,,2026-07-24T11:49:14.256061+08:00
7769,2025-12-17,-8000,519300,194000,705300,,,,,,2026-07-24T11:49:14.256061+08:00
7769,2025-12-18,17000,-81089,308800,244711,,,,,,2026-07-24T11:49:14.256061+08:00
7769,2025-12-19,-9997,38068,147500,175571,,,,,,2026-07-24T11:49:14.256061+08:00
7769,2025-12-22,7031,89715,58000,154746,,,,,,2026-07-24T11:49:14.256061+08:00
7769,2025-12-23,-1000,28670,12000,39670,,,,,,2026-07-24T11:49:14.256061+08:00
7769,2025-12-24,-6015,50915,7000,51900,,,,,,2026-07-24T11:49:14.256061+08:00
7769,2025-12-26,20000,521205,94200,635405,,,,,,2026-07-24T11:49:14.256061+08:00
7769,2025-12-29,14000,76040,40000,130040,,,,,,2026-07-24T11:49:14.256061+08:00
7769,2025-12-30,-8629,268109,169952,429432,,,,,,2026-07-24T11:49:14.256061+08:00
7769,2025-12-31,-7000,-106000,61903,-51097,,,,,,2026-07-24T11:49:14.256061+08:00
7769,2026-01-02,51527,381261,-43000,389788,,,,,,2026-07-24T11:49:14.256061+08:00
7769,2026-01-05,8543,-123756,82944,-32269,,,,,,2026-07-24T11:49:14.256061+08:00
7769,2026-01-06,12902,383720,49096,445718,,,,,,2026-07-24T11:49:14.256061+08:00
7769,2026-01-07,-2929,279154,139950,416175,,,,,,2026-07-24T11:49:14.256061+08:00
7769,2026-01-08,-1128,16470,-96152,-80810,,,,,,2026-07-24T11:49:14.256061+08:00
7769,2026-01-09,14635,531830,-33103,513362,,,,,,2026-07-24T11:49:14.256061+08:00
7769,2026-01-12,18385,593969,125950,738304,,,,,,2026-07-24T11:49:14.256061+08:00
7769,2026-01-13,5215,338501,117898,461614,,,,,,2026-07-24T11:49:14.256061+08:00
7769,2026-01-14,544,346352,123900,470796,,,,,,2026-07-24T11:49:14.256061+08:00
7769,2026-01-15,-19800,2943,66949,50092,,,,,,2026-07-24T11:49:14.256061+08:00
7769,2026-01-16,-23795,114420,135899,226524,,,,,,2026-07-24T11:49:14.256061+08:00
7769,2026-01-19,-26147,98555,37000,109408,,,,,,2026-07-24T11:49:14.256061+08:00
7769,2026-01-20,-34304,155732,56897,178325,,,,,,2026-07-24T11:49:14.256061+08:00
7769,2026-01-21,15880,340745,4000,360625,,,,,,2026-07-24T11:49:14.256061+08:00
7769,2026-01-22,21345,381860,129350,532555,,,,,,2026-07-24T11:49:14.256061+08:00
7769,2026-01-23,-873,12834,30800,42761,,,,,,2026-07-24T11:49:14.256061+08:00
7769,2026-01-26,-11278,195400,9950,194072,,,,,,2026-07-24T11:49:14.256061+08:00
7769,2026-01-27,10233,1281,-3000,8514,,,,,,2026-07-24T11:49:14.256061+08:00
7769,2026-01-28,-11509,261101,-28000,221592,,,,,,2026-07-24T11:49:14.256061+08:00
7769,2026-01-29,-3399,44550,5000,46151,,,,,,2026-07-24T11:49:14.256061+08:00
7769,2026-01-30,3225,251788,1000,256013,,,,,,2026-07-24T11:49:14.256061+08:00
7769,2026-02-02,23368,149764,13000,186132,,,,,,2026-07-24T11:49:14.256061+08:00
7769,2026-02-03,-15656,235220,-5050,214514,,,,,,2026-07-24T11:49:14.256061+08:00
7769,2026-02-04,9546,450386,118100,578032,,,,,,2026-07-24T11:49:14.256061+08:00
7769,2026-02-05,5656,20598,39000,65254,,,,,,2026-07-24T11:49:14.256061+08:00
7769,2026-02-06,-16237,166550,-8054,142259,,,,,,2026-07-24T11:49:14.256061+08:00
7769,2026-02-09,10046,500919,-7000,503965,,,,,,2026-07-24T11:49:14.256061+08:00
7769,2026-02-10,27089,927565,45300,999954,,,,,,2026-07-24T11:49:14.256061+08:00
7769,2026-02-11,7306,641660,194001,842967,,,,,,2026-07-24T11:49:14.256061+08:00
7769,2026-02-23,-17965,6833,103000,91868,,,,,,2026-07-24T11:49:14.256061+08:00
7769,2026-02-24,-1136,112731,83000,194595,,,,,,2026-07-24T11:49:14.256061+08:00
7769,2026-02-25,-820,28021,32000,59201,,,,,,2026-07-24T11:49:14.256061+08:00
7769,2026-02-26,-33696,501583,76858,544745,,,,,,2026-07-24T11:49:14.256061+08:00
7769,2026-03-02,-74595,-215536,-10150,-300281,,,,,,2026-07-24T11:49:14.256061+08:00
7769,2026-03-03,-11889,130105,95100,213316,,,,,,2026-07-24T11:49:14.256061+08:00
7769,2026-03-04,-28692,525358,-198200,298466,,,,,,2026-07-24T11:49:14.256061+08:00
7769,2026-03-05,6102,292529,4000,302631,,,,,,2026-07-24T11:49:14.256061+08:00
7769,2026-03-06,-7302,67059,26000,85757,,,,,,2026-07-24T11:49:14.256061+08:00
7769,2026-03-09,-48371,174697,-67000,59326,,,,,,2026-07-24T11:49:14.256061+08:00
7769,2026-03-10,18697,29948,22000,70645,,,,,,2026-07-24T11:49:14.256061+08:00
7769,2026-03-11,-31491,-30209,4000,-57700,,,,,,2026-07-24T11:49:14.256061+08:00
7769,2026-03-12,-5531,-93323,37000,-61854,,,,,,2026-07-24T11:49:14.256061+08:00
7769,2026-03-13,10357,-661318,-206000,-856961,,,,,,2026-07-24T11:49:14.256061+08:00
7769,2026-03-16,-12363,206236,9000,202873,,,,,,2026-07-24T11:49:14.256061+08:00
7769,2026-03-17,3795,104859,58000,166654,,,,,,2026-07-24T11:49:14.256061+08:00
7769,2026-03-18,8826,69577,109065,187468,,,,,,2026-07-24T11:49:14.256061+08:00
7769,2026-03-19,8417,-220139,-15202,-226924,,,,,,2026-07-24T11:49:14.256061+08:00
7769,2026-03-20,-36945,-1209694,1297063,50424,,,,,,2026-07-24T11:49:14.256061+08:00
7769,2026-03-23,-12247,58325,-20000,26078,,,,,,2026-07-24T11:49:14.256061+08:00
7769,2026-03-24,-44764,163720,-46950,72006,,,,,,2026-07-24T11:49:14.256061+08:00
7769,2026-03-25,-4612,127675,-36899,86164,,,,,,2026-07-24T11:49:14.256061+08:00
7769,2026-03-26,1151,-12174,-23885,-34908,,,,,,2026-07-24T11:49:14.256061+08:00
7769,2026-03-27,-38236,189937,-88801,62900,,,,,,2026-07-24T11:49:14.256061+08:00
7769,2026-03-30,-622,231313,-96744,133947,,,,,,2026-07-24T11:49:14.256061+08:00
7769,2026-03-31,9787,314190,-139459,184518,,,,,,2026-07-24T11:49:14.256061+08:00
7769,2026-04-01,25490,245703,6456,277649,,,,,,2026-07-24T11:49:14.256061+08:00
7769,2026-04-02,-33066,68987,43000,78921,,,,,,2026-07-24T11:49:14.256061+08:00
7769,2026-04-07,9692,50348,165451,225491,,,,,,2026-07-24T11:49:14.256061+08:00
7769,2026-04-08,33498,201305,45748,280551,,,,,,2026-07-24T11:49:14.256061+08:00
7769,2026-04-09,9590,-15849,20000,13741,,,,,,2026-07-24T11:49:14.256061+08:00
7769,2026-04-10,-12467,72363,-86774,-26878,,,,,,2026-07-24T11:49:14.256061+08:00
7769,2026-04-13,-51,99833,-73974,25808,,,,,,2026-07-24T11:49:14.256061+08:00
7769,2026-04-14,-3851,426551,-357307,65393,,,,,,2026-07-24T11:49:14.256061+08:00
7769,2026-04-15,2370,335449,-130933,206886,,,,,,2026-07-24T11:49:14.256061+08:00
7769,2026-04-16,8748,208896,-130901,86743,,,,,,2026-07-24T11:49:14.256061+08:00
7769,2026-04-17,22900,562322,13988,599210,,,,,,2026-07-24T11:49:14.256061+08:00
7769,2026-04-20,16490,23570,14824,54884,,,,,,2026-07-24T11:49:14.256061+08:00
7769,2026-04-21,15790,23805,-199500,-159905,,,,,,2026-07-24T11:49:14.256061+08:00
7769,2026-04-22,14042,516713,86048,616803,,,,,,2026-07-24T11:49:14.256061+08:00
7769,2026-04-23,5914,286127,51988,344029,,,,,,2026-07-24T11:49:14.256061+08:00
7769,2026-04-24,1703,-78275,16966,-59606,,,,,,2026-07-24T11:49:14.256061+08:00
7769,2026-04-27,7680,675264,15943,698887,,,,,,2026-07-24T11:49:14.256061+08:00
7769,2026-04-28,-6306,350021,55786,399501,,,,,,2026-07-24T11:49:14.256061+08:00
7769,2026-04-29,1035,292724,146249,440008,,,,,,2026-07-24T11:49:14.256061+08:00
7769,2026-04-30,-39371,24376,-63000,-77995,,,,,,2026-07-24T11:49:14.256061+08:00
7769,2026-05-04,27562,706991,23202,757755,,,,,,2026-07-24T11:49:14.256061+08:00
7769,2026-05-05,-4508,390976,8852,395320,,,,,,2026-07-24T11:49:14.256061+08:00
7769,2026-05-06,-9126,201591,159400,351865,,,,,,2026-07-24T11:49:14.256061+08:00
7769,2026-05-07,1845,44777,119000,165622,,,,,,2026-07-24T11:49:14.256061+08:00
7769,2026-05-08,-8711,281679,-21000,251968,,,,,,2026-07-24T11:49:14.256061+08:00
7769,2026-05-11,39112,-111128,77950,5934,,,,,,2026-07-24T11:49:14.256061+08:00
7769,2026-05-12,-7322,168744,245041,406463,,,,,,2026-07-24T11:49:14.256061+08:00
7769,2026-05-13,11659,-136894,623325,498090,,,,,,2026-07-24T11:49:14.256061+08:00
7769,2026-05-14,6483,14597,-18500,2580,,,,,,2026-07-24T11:49:14.256061+08:00
7769,2026-05-15,-26333,-45087,-1055,-72475,,,,,,2026-07-24T11:49:14.256061+08:00
7769,2026-05-18,-12020,-139720,-3000,-154740,,,,,,2026-07-24T11:49:14.256061+08:00
7769,2026-05-19,-12366,50446,9000,47080,,,,,,2026-07-24T11:49:14.256061+08:00
7769,2026-05-20,2163,51436,6000,59599,,,,,,2026-07-24T11:49:14.256061+08:00
7769,2026-05-21,593,46264,35000,81857,,,,,,2026-07-24T11:49:14.256061+08:00
7769,2026-05-22,-6697,52059,-157000,-111638,,,,,,2026-07-24T11:49:14.256061+08:00
7769,2026-05-25,7512,-24768,-33000,-50256,,,,,,2026-07-24T11:49:14.256061+08:00
7769,2026-05-26,-260,-12113,-6151,-18524,,,,,,2026-07-24T11:49:14.256061+08:00
7769,2026-05-27,5140,-58009,-42500,-95369,,,,,,2026-07-24T11:49:14.256061+08:00
7769,2026-05-28,-95,-166259,393500,227146,,,,,,2026-07-24T11:49:14.256061+08:00
7769,2026-05-29,-8148,-49388,160004,102468,,,,,,2026-07-24T11:49:14.256061+08:00
7769,2026-06-01,-685,-409313,37000,-372998,,,,,,2026-07-24T11:49:14.256061+08:00
7769,2026-06-02,-2809,-242972,-17000,-262781,0.0,0.0,,,,2026-07-24T11:49:14.256061+08:00
7769,2026-06-03,1788,-82533,121988,41243,50.0,0.0,50.0,0.0,,2026-07-24T11:49:14.256061+08:00
7769,2026-06-04,-6389,-9775,5188,-10976,54.0,0.0,4.0,0.0,,2026-07-24T11:49:14.256061+08:00
7769,2026-06-05,-1030,-1553,-1000,-3583,67.0,1.0,13.0,1.0,,2026-07-24T11:49:14.256061+08:00
7769,2026-06-08,-2565,-224922,-20000,-247487,68.0,1.0,1.0,0.0,,2026-07-24T11:49:14.256061+08:00
7769,2026-06-09,-9585,-118679,-11054,-139318,86.0,1.0,18.0,0.0,,2026-07-24T11:49:14.256061+08:00
7769,2026-06-10,-264,-28947,-36689,-65900,86.0,1.0,0.0,0.0,,2026-07-24T11:49:14.256061+08:00
7769,2026-06-11,7821,50304,25641,83766,87.0,1.0,1.0,0.0,,2026-07-24T11:49:14.256061+08:00
7769,2026-06-12,1691,-53273,7988,-43594,103.0,1.0,16.0,0.0,,2026-07-24T11:49:14.256061+08:00
7769,2026-06-15,4904,-29742,-24941,-49779,144.0,1.0,41.0,0.0,,2026-07-24T11:49:14.256061+08:00
7769,2026-06-16,6190,182701,-138902,49989,137.0,1.0,-7.0,0.0,,2026-07-24T11:49:14.256061+08:00
7769,2026-06-17,-2567,26093,-81024,-57498,149.0,0.0,12.0,-1.0,,2026-07-24T11:49:14.256061+08:00
7769,2026-06-18,350,-270147,-139050,-408847,205.0,1.0,56.0,1.0,,2026-07-24T11:49:14.256061+08:00
7769,2026-06-19,350,-270147,-139050,-408847,,,,,,2026-07-24T11:49:14.256061+08:00
7769,2026-06-22,4439,238476,-361102,-118187,221.0,2.0,,,,2026-07-24T11:49:14.256061+08:00
7769,2026-06-23,-751,108454,-114978,-7275,232.0,1.0,11.0,-1.0,,2026-07-24T11:49:14.256061+08:00
7769,2026-06-24,-1128,49751,-97000,-48377,238.0,1.0,6.0,0.0,,2026-07-24T11:49:14.256061+08:00
7769,2026-06-25,5057,40975,-49000,-2968,248.0,1.0,10.0,0.0,,2026-07-24T11:49:14.256061+08:00
7769,2026-06-26,-5586,-48323,-35139,-89048,240.0,1.0,-8.0,0.0,,2026-07-24T11:49:14.256061+08:00
7769,2026-06-29,1796,432,833,3061,235.0,1.0,-5.0,0.0,,2026-07-24T11:49:14.256061+08:00
7769,2026-06-30,-294,-117710,-8000,-126004,256.0,1.0,21.0,0.0,,2026-07-24T11:49:14.256061+08:00
7769,2026-07-01,-6593,-57515,256000,191892,248.0,1.0,,,,2026-07-24T14:02:25.347226+08:00
7769,2026-07-02,828,-146293,32902,-112563,253.0,1.0,5.0,0.0,,2026-07-24T14:02:25.347226+08:00
7769,2026-07-03,834,-86090,-14866,-100122,270.0,1.0,17.0,0.0,,2026-07-24T14:02:25.347226+08:00
7769,2026-07-06,2873,-8123,24067,18817,267.0,1.0,-3.0,0.0,,2026-07-24T14:02:25.347226+08:00
7769,2026-07-07,4351,-140919,6190,-130378,249.0,1.0,-18.0,0.0,,2026-07-24T14:02:25.347226+08:00
7769,2026-07-08,-960,59133,2156,60329,252.0,1.0,3.0,0.0,,2026-07-24T14:02:25.347226+08:00
7769,2026-07-09,6901,-6705,14000,14196,306.0,1.0,54.0,0.0,,2026-07-24T14:02:25.347226+08:00
7769,2026-07-13,5675,-113013,153556,46218,257.0,1.0,-49.0,0.0,,2026-07-24T14:02:25.347226+08:00
7769,2026-07-14,15539,-39534,53338,29343,266.0,0.0,9.0,-1.0,,2026-07-24T14:02:25.347226+08:00
7769,2026-07-15,2131,-56667,53707,-829,269.0,0.0,3.0,0.0,,2026-07-24T14:02:25.347226+08:00
7769,2026-07-16,1182,-67170,17778,-48210,269.0,0.0,0.0,0.0,,2026-07-24T14:02:25.347226+08:00
7769,2026-07-17,6615,-54305,9021,-38669,254.0,0.0,-15.0,0.0,,2026-07-24T14:02:25.347226+08:00
7769,2026-07-20,10637,-30875,27010,6772,262.0,0.0,8.0,0.0,,2026-07-24T14:02:25.347226+08:00
7769,2026-07-21,5380,-77393,77600,5587,290.0,0.0,28.0,0.0,,2026-07-24T14:02:25.347226+08:00
7769,2026-07-22,-14859,-32295,11958,-35196,299.0,0.0,9.0,0.0,,2026-07-24T14:02:25.347226+08:00
7769,2026-07-23,-820,71183,6990,77353,302.0,0.0,3.0,0.0,,2026-07-24T14:02:25.347226+08:00
7769,2026-07-01,-6593,-57515,256000,191892,248.0,1.0,,,,2026-07-24T18:54:04.519769+08:00
7769,2026-07-02,828,-146293,32902,-112563,253.0,1.0,5.0,0.0,,2026-07-24T18:54:04.519769+08:00
7769,2026-07-03,834,-86090,-14866,-100122,270.0,1.0,17.0,0.0,,2026-07-24T18:54:04.519769+08:00
7769,2026-07-06,2873,-8123,24067,18817,267.0,1.0,-3.0,0.0,,2026-07-24T18:54:04.519769+08:00
7769,2026-07-07,4351,-140919,6190,-130378,249.0,1.0,-18.0,0.0,,2026-07-24T18:54:04.519769+08:00
7769,2026-07-08,-960,59133,2156,60329,252.0,1.0,3.0,0.0,,2026-07-24T18:54:04.519769+08:00
7769,2026-07-09,6901,-6705,14000,14196,306.0,1.0,54.0,0.0,,2026-07-24T18:54:04.519769+08:00
7769,2026-07-13,5675,-113013,153556,46218,257.0,1.0,-49.0,0.0,,2026-07-24T18:54:04.519769+08:00
7769,2026-07-14,15539,-39534,53338,29343,266.0,0.0,9.0,-1.0,,2026-07-24T18:54:04.519769+08:00
7769,2026-07-15,2131,-56667,53707,-829,269.0,0.0,3.0,0.0,,2026-07-24T18:54:04.519769+08:00
7769,2026-07-16,1182,-67170,17778,-48210,269.0,0.0,0.0,0.0,,2026-07-24T18:54:04.519769+08:00
7769,2026-07-17,6615,-54305,9021,-38669,254.0,0.0,-15.0,0.0,,2026-07-24T18:54:04.519769+08:00
7769,2026-07-20,10637,-30875,27010,6772,262.0,0.0,8.0,0.0,,2026-07-24T18:54:04.519769+08:00
7769,2026-07-21,5380,-77393,77600,5587,290.0,0.0,28.0,0.0,,2026-07-24T18:54:04.519769+08:00
7769,2026-07-22,-14859,-32295,11958,-35196,299.0,0.0,9.0,0.0,,2026-07-24T18:54:04.519769+08:00
7769,2026-07-23,-820,71183,6990,77353,302.0,0.0,3.0,0.0,,2026-07-24T18:54:04.519769+08:00
7769,2026-07-24,4483,-90649,-39000,-125166,,,,,,2026-07-24T18:54:04.519769+08:00
