ticker,us_trade_date,adjusted_close,close,high,low,open,volume,return_1d,updated_at
^VIX,2024-07-22,14.90999984741211,14.90999984741211,16.889999389648438,14.75,16.790000915527344,0,,2026-07-20T21:28:15.085957+08:00
^VIX,2024-07-23,14.720000267028809,14.720000267028809,15.350000381469727,13.899999618530273,15.210000038146973,0,-0.012743097406287318,2026-07-20T21:28:15.085957+08:00
^VIX,2024-07-24,18.040000915527344,18.040000915527344,18.459999084472656,15.180000305175781,15.350000381469727,0,0.22554351822499452,2026-07-20T21:28:15.085957+08:00
^VIX,2024-07-25,18.459999084472656,18.459999084472656,19.360000610351562,16.420000076293945,18.40999984741211,0,0.023281493771090345,2026-07-20T21:28:15.085957+08:00
^VIX,2024-07-26,16.389999389648438,16.389999389648438,18.049999237060547,16.3700008392334,17.969999313354492,0,-0.11213433355830271,2026-07-20T21:28:15.085957+08:00
^VIX,2024-07-29,16.600000381469727,16.600000381469727,17.209999084472656,16.229999542236328,16.59000015258789,0,0.012812751655983723,2026-07-20T21:28:15.085957+08:00
^VIX,2024-07-30,17.690000534057617,17.690000534057617,18.31999969482422,16.260000228881836,16.639999389648438,0,0.06566265828551643,2026-07-20T21:28:15.085957+08:00
^VIX,2024-07-31,16.360000610351562,16.360000610351562,16.770000457763672,15.710000038146973,16.65999984741211,0,-0.07518371303299154,2026-07-20T21:28:15.085957+08:00
^VIX,2024-08-01,18.59000015258789,18.59000015258789,19.479999542236328,15.949999809265137,16.200000762939453,0,0.13630803539367387,2026-07-20T21:28:15.085957+08:00
^VIX,2024-08-02,23.389999389648438,23.389999389648438,29.65999984741211,20.010000228881836,20.520000457763672,0,0.2582032919667483,2026-07-20T21:28:15.085957+08:00
^VIX,2024-08-05,38.56999969482422,38.56999969482422,65.7300033569336,23.389999389648438,23.389999389648438,0,0.648995327118046,2026-07-20T21:28:15.085957+08:00
^VIX,2024-08-06,27.709999084472656,27.709999084472656,34.77000045776367,24.020000457763672,33.709999084472656,0,-0.2815660019776688,2026-07-20T21:28:15.085957+08:00
^VIX,2024-08-07,27.850000381469727,27.850000381469727,29.760000228881836,21.969999313354492,24.770000457763672,0,0.005052374652567915,2026-07-20T21:28:15.085957+08:00
^VIX,2024-08-08,23.790000915527344,23.790000915527344,29.469999313354492,23.360000610351562,28.34000015258789,0,-0.1457809483063327,2026-07-20T21:28:15.085957+08:00
^VIX,2024-08-09,20.3700008392334,20.3700008392334,24.520000457763672,20.260000228881836,23.780000686645508,0,-0.1437578791374391,2026-07-20T21:28:15.085957+08:00
^VIX,2024-08-12,20.709999084472656,20.709999084472656,21.190000534057617,18.889999389648438,20.790000915527344,0,0.01669112573546916,2026-07-20T21:28:15.085957+08:00
^VIX,2024-08-13,18.1200008392334,18.1200008392334,20.790000915527344,17.950000762939453,20.059999465942383,0,-0.12506027811373066,2026-07-20T21:28:15.085957+08:00
^VIX,2024-08-14,16.190000534057617,16.190000534057617,18.489999771118164,16.1200008392334,18.40999984741211,0,-0.10651215318914042,2026-07-20T21:28:15.085957+08:00
^VIX,2024-08-15,15.229999542236328,15.229999542236328,16.68000030517578,14.770000457763672,16.270000457763672,0,-0.05929592094835401,2026-07-20T21:28:15.085957+08:00
^VIX,2024-08-16,14.800000190734863,14.800000190734863,15.760000228881836,14.649999618530273,15.289999961853027,0,-0.028233707447526624,2026-07-20T21:28:15.085957+08:00
^VIX,2024-08-19,14.649999618530273,14.649999618530273,16.06999969482422,14.460000038146973,15.9399995803833,0,-0.01013517366699046,2026-07-20T21:28:15.085957+08:00
^VIX,2024-08-20,15.880000114440918,15.880000114440918,15.930000305175781,14.779999732971191,14.890000343322754,0,0.08395908040535782,2026-07-20T21:28:15.085957+08:00
^VIX,2024-08-21,16.270000457763672,16.270000457763672,17.170000076293945,15.920000076293945,16.25,0,0.024559215397492062,2026-07-20T21:28:15.085957+08:00
^VIX,2024-08-22,17.549999237060547,17.549999237060547,18.059999465942383,15.760000228881836,16.270000457763672,0,0.07867232595473528,2026-07-20T21:28:15.085957+08:00
^VIX,2024-08-23,15.859999656677246,15.859999656677246,17.209999084472656,15.609999656677246,17.1200008392334,0,-0.09629627657273676,2026-07-20T21:28:15.085957+08:00
^VIX,2024-08-26,16.149999618530273,16.149999618530273,16.670000076293945,15.8100004196167,16.270000457763672,0,0.018284991685414864,2026-07-20T21:28:15.085957+08:00
^VIX,2024-08-27,15.430000305175781,15.430000305175781,16.809999465942383,15.369999885559082,16.209999084472656,0,-0.044582001879948985,2026-07-20T21:28:15.085957+08:00
^VIX,2024-08-28,17.110000610351562,17.110000610351562,17.889999389648438,15.460000038146973,15.510000228881836,0,0.10887882514248881,2026-07-20T21:28:15.085957+08:00
^VIX,2024-08-29,15.649999618530273,15.649999618530273,16.56999969482422,15.1899995803833,16.540000915527344,0,-0.0853302711712346,2026-07-20T21:28:15.085957+08:00
^VIX,2024-08-30,15.0,15.0,16.040000915527344,14.779999732971191,15.670000076293945,0,-0.041533522963198455,2026-07-20T21:28:15.085957+08:00
^VIX,2024-09-03,20.719999313354492,20.719999313354492,21.989999771118164,15.710000038146973,15.760000228881836,0,0.38133328755696616,2026-07-20T21:28:15.085957+08:00
^VIX,2024-09-04,21.31999969482422,21.31999969482422,23.309999465942383,19.34000015258789,23.200000762939453,0,0.028957548327861904,2026-07-20T21:28:15.085957+08:00
^VIX,2024-09-05,19.899999618530273,19.899999618530273,21.530000686645508,19.209999084472656,20.75,0,-0.06660413211162819,2026-07-20T21:28:15.085957+08:00
^VIX,2024-09-06,22.3799991607666,22.3799991607666,23.760000228881836,18.829999923706055,21.979999542236328,0,0.12462309496363155,2026-07-20T21:28:15.085957+08:00
^VIX,2024-09-09,19.450000762939453,19.450000762939453,21.40999984741211,19.290000915527344,21.31999969482422,0,-0.13092039802055044,2026-07-20T21:28:15.085957+08:00
^VIX,2024-09-10,19.079999923706055,19.079999923706055,20.739999771118164,18.899999618530273,19.860000610351562,0,-0.019023178648836292,2026-07-20T21:28:15.085957+08:00
^VIX,2024-09-11,17.690000534057617,17.690000534057617,21.40999984741211,17.549999237060547,19.40999984741211,0,-0.07285112134206173,2026-07-20T21:28:15.085957+08:00
^VIX,2024-09-12,17.06999969482422,17.06999969482422,18.59000015258789,16.889999389648438,17.6200008392334,0,-0.035048096128643014,2026-07-20T21:28:15.085957+08:00
^VIX,2024-09-13,16.559999465942383,16.559999465942383,17.18000030517578,16.229999542236328,17.030000686645508,0,-0.029876991095463934,2026-07-20T21:28:15.085957+08:00
^VIX,2024-09-16,17.139999389648438,17.139999389648438,17.690000534057617,16.90999984741211,17.15999984741211,0,0.03502415111177348,2026-07-20T21:28:15.085957+08:00
^VIX,2024-09-17,17.610000610351562,17.610000610351562,18.079999923706055,16.670000076293945,17.15999984741211,0,0.027421309068831112,2026-07-20T21:28:15.085957+08:00
^VIX,2024-09-18,18.229999542236328,18.229999542236328,19.389999389648438,17.110000610351562,17.579999923706055,0,0.03520720672322497,2026-07-20T21:28:15.085957+08:00
^VIX,2024-09-19,16.329999923706055,16.329999923706055,17.270000457763672,16.209999084472656,17.209999084472656,0,-0.10422378860340853,2026-07-20T21:28:15.085957+08:00
^VIX,2024-09-20,16.149999618530273,16.149999618530273,16.68000030517578,15.8100004196167,16.350000381469727,0,-0.011022676424785383,2026-07-20T21:28:15.085957+08:00
^VIX,2024-09-23,15.890000343322754,15.890000343322754,16.950000762939453,15.75,16.709999084472656,0,-0.01609902670890473,2026-07-20T21:28:15.085957+08:00
^VIX,2024-09-24,15.390000343322754,15.390000343322754,16.670000076293945,15.270000457763672,15.869999885559082,0,-0.031466330345934046,2026-07-20T21:28:15.085957+08:00
^VIX,2024-09-25,15.40999984741211,15.40999984741211,15.819999694824219,15.170000076293945,15.819999694824219,0,0.0012995129072905787,2026-07-20T21:28:15.085957+08:00
^VIX,2024-09-26,15.369999885559082,15.369999885559082,15.829999923706055,14.899999618530273,15.0600004196167,0,-0.002595714617073419,2026-07-20T21:28:15.085957+08:00
^VIX,2024-09-27,16.959999084472656,16.959999084472656,16.969999313354492,15.199999809265137,15.640000343322754,0,0.10344822451218505,2026-07-20T21:28:15.085957+08:00
^VIX,2024-09-30,16.729999542236328,16.729999542236328,17.790000915527344,16.469999313354492,17.010000228881836,0,-0.013561294495994303,2026-07-20T21:28:15.085957+08:00
^VIX,2024-10-01,19.260000228881836,19.260000228881836,20.729999542236328,16.610000610351562,16.959999084472656,0,0.15122538887453651,2026-07-20T21:28:15.085957+08:00
^VIX,2024-10-02,18.899999618530273,18.899999618530273,20.360000610351562,18.579999923706055,19.649999618530273,0,-0.018691620253031727,2026-07-20T21:28:15.085957+08:00
^VIX,2024-10-03,20.489999771118164,20.489999771118164,20.75,19.15999984741211,19.6299991607666,0,0.08412699389840173,2026-07-20T21:28:15.085957+08:00
^VIX,2024-10-04,19.209999084472656,19.209999084472656,20.479999542236328,18.479999542236328,20.479999542236328,0,-0.06246953152482426,2026-07-20T21:28:15.085957+08:00
^VIX,2024-10-07,22.639999389648438,22.639999389648438,23.030000686645508,20.649999618530273,20.760000228881836,0,0.17855286145995874,2026-07-20T21:28:15.085957+08:00
^VIX,2024-10-08,21.420000076293945,21.420000076293945,23.139999389648438,21.139999389648438,22.920000076293945,0,-0.05388689691892423,2026-07-20T21:28:15.085957+08:00
^VIX,2024-10-09,20.860000610351562,20.860000610351562,22.010000228881836,20.709999084472656,21.979999542236328,0,-0.026143765823892218,2026-07-20T21:28:15.085957+08:00
^VIX,2024-10-10,20.93000030517578,20.93000030517578,21.389999389648438,20.639999389648438,20.90999984741211,0,0.0033556899700895038,2026-07-20T21:28:15.085957+08:00
^VIX,2024-10-11,20.459999084472656,20.459999084472656,21.15999984741211,20.139999389648438,20.8700008392334,0,-0.022455863060207304,2026-07-20T21:28:15.085957+08:00
^VIX,2024-10-14,19.700000762939453,19.700000762939453,20.860000610351562,19.690000534057617,20.860000610351562,0,-0.037145569674535084,2026-07-20T21:28:15.085957+08:00
^VIX,2024-10-15,20.639999389648438,20.639999389648438,20.889999389648438,19.440000534057617,19.610000610351562,0,0.047715664482478326,2026-07-20T21:28:15.085957+08:00
^VIX,2024-10-16,19.579999923706055,19.579999923706055,21.010000228881836,19.450000762939453,20.770000457763672,0,-0.051356564791082526,2026-07-20T21:28:15.085957+08:00
^VIX,2024-10-17,19.110000610351562,19.110000610351562,19.649999618530273,18.8799991607666,19.549999237060547,0,-0.024004050826652468,2026-07-20T21:28:15.085957+08:00
^VIX,2024-10-18,18.030000686645508,18.030000686645508,19.31999969482422,17.989999771118164,19.299999237060547,0,-0.05651490786039204,2026-07-20T21:28:15.085957+08:00
^VIX,2024-10-21,18.3700008392334,18.3700008392334,19.34000015258789,18.360000610351562,18.780000686645508,0,0.018857467534081795,2026-07-20T21:28:15.085957+08:00
^VIX,2024-10-22,18.200000762939453,18.200000762939453,19.440000534057617,18.049999237060547,18.790000915527344,0,-0.009254222565459602,2026-07-20T21:28:15.085957+08:00
^VIX,2024-10-23,19.239999771118164,19.239999771118164,20.469999313354492,18.18000030517578,18.209999084472656,0,0.05714280025176999,2026-07-20T21:28:15.085957+08:00
^VIX,2024-10-24,19.079999923706055,19.079999923706055,20.239999771118164,18.6299991607666,18.8700008392334,0,-0.008316000484173136,2026-07-20T21:28:15.085957+08:00
^VIX,2024-10-25,20.329999923706055,20.329999923706055,20.510000228881836,18.229999542236328,19.219999313354492,0,0.06551362709634656,2026-07-20T21:28:15.085957+08:00
^VIX,2024-10-28,19.799999237060547,19.799999237060547,19.8799991607666,18.90999984741211,19.110000610351562,0,-0.026069881388808724,2026-07-20T21:28:15.085957+08:00
^VIX,2024-10-29,19.34000015258789,19.34000015258789,20.530000686645508,19.059999465942383,19.75,0,-0.023232277888761477,2026-07-20T21:28:15.085957+08:00
^VIX,2024-10-30,20.350000381469727,20.350000381469727,20.440000534057617,19.299999237060547,19.329999923706055,0,0.05222338267389759,2026-07-20T21:28:15.085957+08:00
^VIX,2024-10-31,23.15999984741211,23.15999984741211,23.420000076293945,21.1200008392334,21.440000534057617,0,0.13808350925148427,2026-07-20T21:28:15.085957+08:00
^VIX,2024-11-01,21.8799991607666,21.8799991607666,23.09000015258789,21.15999984741211,22.959999084472656,0,-0.055267732948130144,2026-07-20T21:28:15.085957+08:00
^VIX,2024-11-04,21.979999542236328,21.979999542236328,23.06999969482422,21.729999542236328,22.5,0,0.004570401522182799,2026-07-20T21:28:15.085957+08:00
^VIX,2024-11-05,20.489999771118164,20.489999771118164,22.059999465942383,20.200000762939453,21.979999542236328,0,-0.06778888999770039,2026-07-20T21:28:15.085957+08:00
^VIX,2024-11-06,16.270000457763672,16.270000457763672,16.81999969482422,15.4399995803833,16.059999465942383,0,-0.20595409275225196,2026-07-20T21:28:15.085957+08:00
^VIX,2024-11-07,15.199999809265137,15.199999809265137,15.859999656677246,15.130000114440918,15.859999656677246,0,-0.06576525005492273,2026-07-20T21:28:15.085957+08:00
^VIX,2024-11-08,14.9399995803833,14.9399995803833,15.329999923706055,14.65999984741211,15.130000114440918,0,-0.017105278430553206,2026-07-20T21:28:15.085957+08:00
^VIX,2024-11-11,14.970000267028809,14.970000267028809,15.5600004196167,14.890000343322754,15.329999923706055,0,0.002008078145122605,2026-07-20T21:28:15.085957+08:00
^VIX,2024-11-12,14.710000038146973,14.710000038146973,15.369999885559082,14.6899995803833,15.09000015258789,0,-0.017368084451840793,2026-07-20T21:28:15.085957+08:00
^VIX,2024-11-13,14.020000457763672,14.020000457763672,15.260000228881836,13.770000457763672,15.09000015258789,0,-0.04690683742990798,2026-07-20T21:28:15.085957+08:00
^VIX,2024-11-14,14.3100004196167,14.3100004196167,14.319999694824219,13.59000015258789,14.170000076293945,0,0.020684732695029018,2026-07-20T21:28:15.085957+08:00
^VIX,2024-11-15,16.139999389648438,16.139999389648438,17.549999237060547,14.5600004196167,15.020000457763672,0,0.1278825238553527,2026-07-20T21:28:15.085957+08:00
^VIX,2024-11-18,15.579999923706055,15.579999923706055,17.0,15.350000381469727,16.600000381469727,0,-0.03469637466662756,2026-07-20T21:28:15.085957+08:00
^VIX,2024-11-19,16.350000381469727,16.350000381469727,17.93000030517578,15.369999885559082,15.4399995803833,0,0.04942236595213734,2026-07-20T21:28:15.085957+08:00
^VIX,2024-11-20,17.15999984741211,17.15999984741211,18.790000915527344,16.040000915527344,16.190000534057617,0,0.049541250583724494,2026-07-20T21:28:15.085957+08:00
^VIX,2024-11-21,16.8700008392334,16.8700008392334,17.989999771118164,15.729999542236328,17.100000381469727,0,-0.016899709251596895,2026-07-20T21:28:15.085957+08:00
^VIX,2024-11-22,15.239999771118164,15.239999771118164,17.559999465942383,15.239999771118164,16.670000076293945,0,-0.0966212796103989,2026-07-20T21:28:15.085957+08:00
^VIX,2024-11-25,14.600000381469727,14.600000381469727,15.720000267028809,14.539999961853027,15.229999542236328,0,-0.041994711237550164,2026-07-20T21:28:15.085957+08:00
^VIX,2024-11-26,14.100000381469727,14.100000381469727,15.029999732971191,13.880000114440918,14.949999809265137,0,-0.0342465744476691,2026-07-20T21:28:15.085957+08:00
^VIX,2024-11-27,14.100000381469727,14.100000381469727,15.130000114440918,13.960000038146973,14.279999732971191,0,0.0,2026-07-20T21:28:15.085957+08:00
^VIX,2024-11-29,13.510000228881836,13.510000228881836,14.149999618530273,13.489999771118164,14.0,0,-0.041843981320970114,2026-07-20T21:28:15.085957+08:00
^VIX,2024-12-02,13.34000015258789,13.34000015258789,14.100000381469727,13.300000190734863,14.079999923706055,0,-0.012583277084667777,2026-07-20T21:28:15.085957+08:00
^VIX,2024-12-03,13.300000190734863,13.300000190734863,13.770000457763672,13.1899995803833,13.380000114440918,0,-0.002998497855734139,2026-07-20T21:28:15.085957+08:00
^VIX,2024-12-04,13.449999809265137,13.449999809265137,13.609999656677246,12.890000343322754,13.15999984741211,0,0.01127816664504766,2026-07-20T21:28:15.085957+08:00
^VIX,2024-12-05,13.539999961853027,13.539999961853027,13.699999809265137,13.260000228881836,13.460000038146973,0,0.006691461253842901,2026-07-20T21:28:15.085957+08:00
^VIX,2024-12-06,12.770000457763672,12.770000457763672,13.739999771118164,12.699999809265137,13.619999885559082,0,-0.056868501200791455,2026-07-20T21:28:15.085957+08:00
^VIX,2024-12-09,14.1899995803833,14.1899995803833,14.229999542236328,13.350000381469727,13.359999656677246,0,0.1111980479026784,2026-07-20T21:28:15.085957+08:00
^VIX,2024-12-10,14.180000305175781,14.180000305175781,14.539999961853027,13.859999656677246,14.300000190734863,0,-0.0007046705780979767,2026-07-20T21:28:15.085957+08:00
^VIX,2024-12-11,13.579999923706055,13.579999923706055,14.430000305175781,13.520000457763672,14.420000076293945,0,-0.04231314305760081,2026-07-20T21:28:15.085957+08:00
^VIX,2024-12-12,13.920000076293945,13.920000076293945,13.949999809265137,13.390000343322754,13.729999542236328,0,0.02503683022813319,2026-07-20T21:28:15.085957+08:00
^VIX,2024-12-13,13.8100004196167,13.8100004196167,14.25,13.239999771118164,13.569999694824219,0,-0.00790227414327227,2026-07-20T21:28:15.085957+08:00
^VIX,2024-12-16,14.6899995803833,14.6899995803833,14.6899995803833,13.989999771118164,14.369999885559082,0,0.06372187791657047,2026-07-20T21:28:15.085957+08:00
^VIX,2024-12-17,15.869999885559082,15.869999885559082,15.9399995803833,14.779999732971191,14.979999542236328,0,0.0803267759620312,2026-07-20T21:28:15.085957+08:00
^VIX,2024-12-18,27.6200008392334,27.6200008392334,28.31999969482422,14.819999694824219,15.569999694824219,0,0.7403907396600702,2026-07-20T21:28:15.085957+08:00
^VIX,2024-12-19,24.09000015258789,24.09000015258789,24.1200008392334,20.15999984741211,21.610000610351562,0,-0.1278059587033482,2026-07-20T21:28:15.085957+08:00
^VIX,2024-12-20,18.360000610351562,18.360000610351562,26.510000228881836,17.81999969482422,24.139999389648438,0,-0.23785801186974165,2026-07-20T21:28:15.085957+08:00
^VIX,2024-12-23,16.780000686645508,16.780000686645508,20.020000457763672,16.739999771118164,18.09000015258789,0,-0.08605663786390261,2026-07-20T21:28:15.085957+08:00
^VIX,2024-12-24,14.270000457763672,14.270000457763672,17.040000915527344,14.270000457763672,16.969999313354492,0,-0.14958284422952606,2026-07-20T21:28:15.085957+08:00
^VIX,2024-12-26,14.729999542236328,14.729999542236328,15.930000305175781,14.550000190734863,14.989999771118164,0,0.03223539381334706,2026-07-20T21:28:15.085957+08:00
^VIX,2024-12-27,15.949999809265137,15.949999809265137,18.450000762939453,15.289999961853027,15.380000114440918,0,0.08282418906603617,2026-07-20T21:28:15.085957+08:00
^VIX,2024-12-30,17.399999618530273,17.399999618530273,19.219999313354492,16.440000534057617,17.209999084472656,0,0.0909090800379102,2026-07-20T21:28:15.085957+08:00
^VIX,2024-12-31,17.350000381469727,17.350000381469727,17.809999465942383,16.68000030517578,17.389999389648438,0,-0.002873519434293592,2026-07-20T21:28:15.085957+08:00
^VIX,2025-01-02,17.93000030517578,17.93000030517578,19.5,16.959999084472656,17.209999084472656,0,0.03342938968033171,2026-07-20T21:28:15.085957+08:00
^VIX,2025-01-03,16.1299991607666,16.1299991607666,17.940000534057617,16.110000610351562,17.65999984741211,0,-0.10039046925668937,2026-07-20T21:28:15.085957+08:00
^VIX,2025-01-06,16.040000915527344,16.040000915527344,16.8700008392334,15.710000038146973,16.770000457763672,0,-0.005579556721748813,2026-07-20T21:28:15.085957+08:00
^VIX,2025-01-07,17.81999969482422,17.81999969482422,18.899999618530273,15.789999961853027,16.479999542236328,0,0.11097248614080613,2026-07-20T21:28:15.085957+08:00
^VIX,2025-01-08,17.700000762939453,17.700000762939453,19.5,17.3700008392334,17.90999984741211,0,-0.006733946910202238,2026-07-20T21:28:15.085957+08:00
^VIX,2025-01-10,19.540000915527344,19.540000915527344,20.309999465942383,18.049999237060547,18.290000915527344,0,0.1039548063998117,2026-07-20T21:28:15.085957+08:00
^VIX,2025-01-13,19.190000534057617,19.190000534057617,22.040000915527344,19.149999618530273,21.18000030517578,0,-0.017911994118260277,2026-07-20T21:28:15.085957+08:00
^VIX,2025-01-14,18.709999084472656,18.709999084472656,19.65999984741211,18.239999771118164,18.790000915527344,0,-0.025013102460996528,2026-07-20T21:28:15.085957+08:00
^VIX,2025-01-15,16.1200008392334,16.1200008392334,19.139999389648438,15.960000038146973,19.079999923706055,0,-0.13842856076827315,2026-07-20T21:28:15.085957+08:00
^VIX,2025-01-16,16.600000381469727,16.600000381469727,16.600000381469727,15.640000343322754,15.869999885559082,0,0.029776644990494594,2026-07-20T21:28:15.085957+08:00
^VIX,2025-01-17,15.970000267028809,15.970000267028809,16.229999542236328,15.529999732971191,16.190000534057617,0,-0.03795181325081021,2026-07-20T21:28:15.085957+08:00
^VIX,2025-01-21,15.0600004196167,15.0600004196167,16.290000915527344,14.930000305175781,16.290000915527344,0,-0.05698183044435312,2026-07-20T21:28:15.085957+08:00
^VIX,2025-01-22,15.100000381469727,15.100000381469727,15.289999961853027,14.59000015258789,14.890000343322754,0,0.0026560398896751103,2026-07-20T21:28:15.085957+08:00
^VIX,2025-01-23,15.020000457763672,15.020000457763672,15.390000343322754,14.59000015258789,15.279999732971191,0,-0.005298008058610915,2026-07-20T21:28:15.085957+08:00
^VIX,2025-01-24,14.850000381469727,14.850000381469727,15.15999984741211,14.579999923706055,15.020000457763672,0,-0.011318247078086707,2026-07-20T21:28:15.085957+08:00
^VIX,2025-01-27,17.899999618530273,17.899999618530273,22.510000228881836,17.56999969482422,18.829999923706055,0,0.20538714873478559,2026-07-20T21:28:15.085957+08:00
^VIX,2025-01-28,16.40999984741211,16.40999984741211,18.389999389648438,16.25,18.290000915527344,0,-0.08324021245093771,2026-07-20T21:28:15.085957+08:00
^VIX,2025-01-29,16.559999465942383,16.559999465942383,18.079999923706055,16.170000076293945,16.420000076293945,0,0.009140744663317601,2026-07-20T21:28:15.085957+08:00
^VIX,2025-01-30,15.84000015258789,15.84000015258789,16.420000076293945,15.319999694824219,15.930000305175781,0,-0.04347822080763086,2026-07-20T21:28:15.085957+08:00
^VIX,2025-01-31,16.43000030517578,16.43000030517578,17.09000015258789,14.899999618530273,15.449999809265137,0,0.03724748402174094,2026-07-20T21:28:15.085957+08:00
^VIX,2025-02-03,18.6200008392334,18.6200008392334,20.420000076293945,17.65999984741211,20.360000610351562,0,0.1332927871807601,2026-07-20T21:28:15.085957+08:00
^VIX,2025-02-04,17.209999084472656,17.209999084472656,19.110000610351562,16.780000686645508,18.780000686645508,0,-0.07572511768043466,2026-07-20T21:28:15.085957+08:00
^VIX,2025-02-05,15.770000457763672,15.770000457763672,17.75,15.770000457763672,17.540000915527344,0,-0.08367220821110855,2026-07-20T21:28:15.085957+08:00
^VIX,2025-02-06,15.5,15.5,16.149999618530273,14.989999771118164,15.880000114440918,0,-0.01712114457363567,2026-07-20T21:28:15.085957+08:00
^VIX,2025-02-07,16.540000915527344,16.540000915527344,16.65999984741211,14.789999961853027,15.380000114440918,0,0.06709683325982874,2026-07-20T21:28:15.085957+08:00
^VIX,2025-02-10,15.8100004196167,15.8100004196167,16.610000610351562,15.699999809265137,16.579999923706055,0,-0.04413545680190001,2026-07-20T21:28:15.085957+08:00
^VIX,2025-02-11,16.020000457763672,16.020000457763672,16.420000076293945,15.75,16.1299991607666,0,0.013282734508116123,2026-07-20T21:28:15.085957+08:00
^VIX,2025-02-12,15.890000343322754,15.890000343322754,17.18000030517578,15.640000343322754,15.90999984741211,0,-0.008114863341212808,2026-07-20T21:28:15.085957+08:00
^VIX,2025-02-13,15.100000381469727,15.100000381469727,16.329999923706055,14.979999542236328,15.970000267028809,0,-0.04971679954588537,2026-07-20T21:28:15.085957+08:00
^VIX,2025-02-14,14.770000457763672,14.770000457763672,15.420000076293945,14.739999771118164,15.079999923706055,0,-0.021854299031079605,2026-07-20T21:28:15.085957+08:00
^VIX,2025-02-18,15.350000381469727,15.350000381469727,16.030000686645508,15.350000381469727,15.569999694824219,0,0.03926878170143766,2026-07-20T21:28:15.085957+08:00
^VIX,2025-02-19,15.270000457763672,15.270000457763672,15.960000038146973,15.050000190734863,15.140000343322754,0,-0.005211721284556381,2026-07-20T21:28:15.085957+08:00
^VIX,2025-02-20,15.65999984741211,15.65999984741211,16.6299991607666,15.119999885559082,15.609999656677246,0,0.025540234312838583,2026-07-20T21:28:15.085957+08:00
^VIX,2025-02-21,18.209999084472656,18.209999084472656,19.030000686645508,15.279999732971191,15.630000114440918,0,0.1628352019097845,2026-07-20T21:28:15.085957+08:00
^VIX,2025-02-24,18.979999542236328,18.979999542236328,20.239999771118164,17.309999465942383,18.079999923706055,0,0.04228448635234905,2026-07-20T21:28:15.085957+08:00
^VIX,2025-02-25,19.43000030517578,19.43000030517578,21.479999542236328,18.850000381469727,19.09000015258789,0,0.023709208313628327,2026-07-20T21:28:15.085957+08:00
^VIX,2025-02-26,19.100000381469727,19.100000381469727,20.059999465942383,17.829999923706055,18.959999084472656,0,-0.016984041097423352,2026-07-20T21:28:15.085957+08:00
^VIX,2025-02-27,21.1299991607666,21.1299991607666,21.469999313354492,17.670000076293945,18.25,0,0.1062826564792283,2026-07-20T21:28:15.085957+08:00
^VIX,2025-02-28,19.6299991607666,19.6299991607666,22.399999618530273,19.049999237060547,21.209999084472656,0,-0.07098911782188544,2026-07-20T21:28:15.085957+08:00
^VIX,2025-03-03,22.780000686645508,22.780000686645508,24.309999465942383,19.25,19.829999923706055,0,0.16046875499488777,2026-07-20T21:28:15.085957+08:00
^VIX,2025-03-04,23.510000228881836,23.510000228881836,26.350000381469727,21.709999084472656,22.959999084472656,0,0.032045633021612785,2026-07-20T21:28:15.085957+08:00
^VIX,2025-03-05,21.93000030517578,21.93000030517578,24.84000015258789,21.3700008392334,23.030000686645508,0,-0.06720544059225653,2026-07-20T21:28:15.085957+08:00
^VIX,2025-03-06,24.8700008392334,24.8700008392334,25.920000076293945,22.389999389648438,22.600000381469727,0,0.1340629499838053,2026-07-20T21:28:15.085957+08:00
^VIX,2025-03-07,23.3700008392334,23.3700008392334,26.559999465942383,23.09000015258789,24.850000381469727,0,-0.06031362884530711,2026-07-20T21:28:15.085957+08:00
^VIX,2025-03-10,27.860000610351562,27.860000610351562,29.559999465942383,24.68000030517578,24.700000762939453,0,0.1921266414154501,2026-07-20T21:28:15.085957+08:00
^VIX,2025-03-11,26.920000076293945,26.920000076293945,29.56999969482422,26.18000030517578,27.940000534057617,0,-0.03374014764767641,2026-07-20T21:28:15.085957+08:00
^VIX,2025-03-12,24.229999542236328,24.229999542236328,26.90999984741211,23.889999389648438,26.8799991607666,0,-0.09992572535044164,2026-07-20T21:28:15.085957+08:00
^VIX,2025-03-13,24.65999984741211,24.65999984741211,26.1299991607666,23.459999084472656,24.920000076293945,0,0.017746608060236646,2026-07-20T21:28:15.085957+08:00
^VIX,2025-03-14,21.770000457763672,21.770000457763672,24.360000610351562,21.479999542236328,24.350000381469727,0,-0.1171938121464231,2026-07-20T21:28:15.085957+08:00
^VIX,2025-03-17,20.510000228881836,20.510000228881836,22.950000762939453,20.31999969482422,22.889999389648438,0,-0.0578778228014456,2026-07-20T21:28:15.085957+08:00
^VIX,2025-03-18,21.700000762939453,21.700000762939453,22.56999969482422,20.40999984741211,20.829999923706055,0,0.05802050320710772,2026-07-20T21:28:15.085957+08:00
^VIX,2025-03-19,19.899999618530273,19.899999618530273,22.100000381469727,19.420000076293945,21.84000015258789,0,-0.08294935857713559,2026-07-20T21:28:15.085957+08:00
^VIX,2025-03-20,19.799999237060547,19.799999237060547,21.170000076293945,19.299999237060547,19.520000457763672,0,-0.005025144893802347,2026-07-20T21:28:15.085957+08:00
^VIX,2025-03-21,19.280000686645508,19.280000686645508,21.139999389648438,19.149999618530273,20.020000457763672,0,-0.02626255406322109,2026-07-20T21:28:15.085957+08:00
^VIX,2025-03-24,17.479999542236328,17.479999542236328,19.139999389648438,17.459999084472656,19.1299991607666,0,-0.09336105188294774,2026-07-20T21:28:15.085957+08:00
^VIX,2025-03-25,17.149999618530273,17.149999618530273,17.770000457763672,17.020000457763672,17.579999923706055,0,-0.018878714665219953,2026-07-20T21:28:15.085957+08:00
^VIX,2025-03-26,18.329999923706055,18.329999923706055,19.06999969482422,16.969999313354492,17.229999542236328,0,0.06880468404796991,2026-07-20T21:28:15.085957+08:00
^VIX,2025-03-27,18.690000534057617,18.690000534057617,19.280000686645508,17.950000762939453,18.360000610351562,0,0.019639967913255507,2026-07-20T21:28:15.085957+08:00
^VIX,2025-03-28,21.649999618530273,21.649999618530273,22.18000030517578,18.920000076293945,19.079999923706055,0,0.15837340823392898,2026-07-20T21:28:15.085957+08:00
^VIX,2025-03-31,22.280000686645508,22.280000686645508,24.799999237060547,21.670000076293945,24.110000610351562,0,0.029099357007656312,2026-07-20T21:28:15.085957+08:00
^VIX,2025-04-01,21.770000457763672,21.770000457763672,23.520000457763672,21.579999923706055,22.059999465942383,0,-0.02289049430718948,2026-07-20T21:28:15.085957+08:00
^VIX,2025-04-02,21.510000228881836,21.510000228881836,23.65999984741211,20.68000030517578,22.299999237060547,0,-0.011943051144452932,2026-07-20T21:28:15.085957+08:00
^VIX,2025-04-03,30.020000457763672,30.020000457763672,30.020000457763672,24.93000030517578,26.3799991607666,0,0.395629945993925,2026-07-20T21:28:15.085957+08:00
^VIX,2025-04-04,45.310001373291016,45.310001373291016,45.61000061035156,29.989999771118164,30.1200008392334,0,0.5093271379872046,2026-07-20T21:28:15.085957+08:00
^VIX,2025-04-07,46.97999954223633,46.97999954223633,60.130001068115234,38.58000183105469,60.130001068115234,0,0.03685716438600095,2026-07-20T21:28:15.085957+08:00
^VIX,2025-04-08,52.33000183105469,52.33000183105469,57.52000045776367,36.47999954223633,44.040000915527344,0,0.11387829589075582,2026-07-20T21:28:15.085957+08:00
^VIX,2025-04-09,33.619998931884766,33.619998931884766,57.959999084472656,31.899999618530273,50.97999954223633,0,-0.35753873962348437,2026-07-20T21:28:15.085957+08:00
^VIX,2025-04-10,40.720001220703125,40.720001220703125,54.869998931884766,34.439998626708984,34.439998626708984,0,0.21118389394369697,2026-07-20T21:28:15.085957+08:00
^VIX,2025-04-11,37.560001373291016,37.560001373291016,46.119998931884766,36.849998474121094,40.79999923706055,0,-0.07760313734483593,2026-07-20T21:28:15.085957+08:00
^VIX,2025-04-14,30.889999389648438,30.889999389648438,35.16999816894531,29.75,34.7599983215332,0,-0.17758258093104407,2026-07-20T21:28:15.085957+08:00
^VIX,2025-04-15,30.1200008392334,30.1200008392334,31.450000762939453,28.290000915527344,30.010000228881836,0,-0.024927114458703215,2026-07-20T21:28:15.085957+08:00
^VIX,2025-04-16,32.63999938964844,32.63999938964844,34.959999084472656,29.479999542236328,33.2400016784668,0,0.08366528818726215,2026-07-20T21:28:15.085957+08:00
^VIX,2025-04-17,29.649999618530273,29.649999618530273,32.54999923706055,29.56999969482422,30.790000915527344,0,-0.09160538685752617,2026-07-20T21:28:15.085957+08:00
^VIX,2025-04-21,33.81999969482422,33.81999969482422,35.75,31.790000915527344,32.75,0,0.14064081382610993,2026-07-20T21:28:15.085957+08:00
^VIX,2025-04-22,30.56999969482422,30.56999969482422,32.68000030517578,30.079999923706055,32.61000061035156,0,-0.09609698490025054,2026-07-20T21:28:15.085957+08:00
^VIX,2025-04-23,28.450000762939453,28.450000762939453,30.290000915527344,27.110000610351562,28.75,0,-0.06934900075395489,2026-07-20T21:28:15.085957+08:00
^VIX,2025-04-24,26.469999313354492,26.469999313354492,29.65999984741211,26.360000610351562,28.690000534057617,0,-0.0695958311594923,2026-07-20T21:28:15.085957+08:00
^VIX,2025-04-25,24.84000015258789,24.84000015258789,27.200000762939453,24.84000015258789,26.219999313354492,0,-0.06157911609556577,2026-07-20T21:28:15.085957+08:00
^VIX,2025-04-28,25.149999618530273,25.149999618530273,26.93000030517578,24.700000762939453,25.75,0,0.01247984959895776,2026-07-20T21:28:15.085957+08:00
^VIX,2025-04-29,24.170000076293945,24.170000076293945,25.989999771118164,23.760000228881836,24.760000228881836,0,-0.038966185172991996,2026-07-20T21:28:15.085957+08:00
^VIX,2025-04-30,24.700000762939453,24.700000762939453,28.170000076293945,24.229999542236328,24.350000381469727,0,0.021928038269446892,2026-07-20T21:28:15.085957+08:00
^VIX,2025-05-01,24.600000381469727,24.600000381469727,25.18000030517578,23.299999237060547,23.940000534057617,0,-0.004048598315015806,2026-07-20T21:28:15.085957+08:00
^VIX,2025-05-02,22.68000030517578,22.68000030517578,24.31999969482422,22.34000015258789,23.6299991607666,0,-0.07804878237889012,2026-07-20T21:28:15.085957+08:00
^VIX,2025-05-05,23.639999389648438,23.639999389648438,24.6299991607666,22.809999465942383,24.25,0,0.042328001391321646,2026-07-20T21:28:15.085957+08:00
^VIX,2025-05-06,24.760000228881836,24.760000228881836,25.110000610351562,23.899999618530273,23.969999313354492,0,0.04737736328892761,2026-07-20T21:28:15.085957+08:00
^VIX,2025-05-07,23.549999237060547,23.549999237060547,25.6200008392334,23.290000915527344,24.559999465942383,0,-0.048869183385945925,2026-07-20T21:28:15.085957+08:00
^VIX,2025-05-08,22.479999542236328,22.479999542236328,23.610000610351562,21.8799991607666,22.84000015258789,0,-0.04543523267467309,2026-07-20T21:28:15.085957+08:00
^VIX,2025-05-09,21.899999618530273,21.899999618530273,22.81999969482422,21.829999923706055,22.399999618530273,0,-0.025800708875297285,2026-07-20T21:28:15.085957+08:00
^VIX,2025-05-12,18.389999389648438,18.389999389648438,20.440000534057617,18.139999389648438,19.84000015258789,0,-0.16027398584573105,2026-07-20T21:28:15.085957+08:00
^VIX,2025-05-13,18.219999313354492,18.219999313354492,18.850000381469727,17.649999618530273,18.690000534057617,0,-0.009244158887228515,2026-07-20T21:28:15.085957+08:00
^VIX,2025-05-14,18.6200008392334,18.6200008392334,18.81999969482422,18.059999465942383,18.100000381469727,0,0.021953981391520827,2026-07-20T21:28:15.085957+08:00
^VIX,2025-05-15,17.829999923706055,17.829999923706055,19.3799991607666,17.770000457763672,19.190000534057617,0,-0.0424275445714678,2026-07-20T21:28:15.085957+08:00
^VIX,2025-05-16,17.239999771118164,17.239999771118164,17.959999084472656,17.149999618530273,17.959999084472656,0,-0.03309030595134499,2026-07-20T21:28:15.085957+08:00
^VIX,2025-05-19,18.139999389648438,18.139999389648438,19.920000076293945,17.920000076293945,19.84000015258789,0,0.05220415490016572,2026-07-20T21:28:15.085957+08:00
^VIX,2025-05-20,18.09000015258789,18.09000015258789,18.68000030517578,17.700000762939453,18.459999084472656,0,-0.0027562976153725494,2026-07-20T21:28:15.085957+08:00
^VIX,2025-05-21,20.8700008392334,20.8700008392334,21.049999237060547,17.770000457763672,18.770000457763672,0,0.1536761007847649,2026-07-20T21:28:15.085957+08:00
^VIX,2025-05-22,20.280000686645508,20.280000686645508,22.06999969482422,19.639999389648438,20.6200008392334,0,-0.02827025054444432,2026-07-20T21:28:15.085957+08:00
^VIX,2025-05-23,22.290000915527344,22.290000915527344,25.530000686645508,19.829999923706055,20.139999389648438,0,0.09911243396581493,2026-07-20T21:28:15.085957+08:00
^VIX,2025-05-27,18.959999084472656,18.959999084472656,21.010000228881836,18.950000762939453,20.6299991607666,0,-0.14939442325168273,2026-07-20T21:28:15.085957+08:00
^VIX,2025-05-28,19.309999465942383,19.309999465942383,19.43000030517578,18.68000030517578,19.209999084472656,0,0.018459936622906348,2026-07-20T21:28:15.085957+08:00
^VIX,2025-05-29,19.18000030517578,19.18000030517578,20.200000762939453,18.110000610351562,18.25,0,-0.0067322198012426115,2026-07-20T21:28:15.085957+08:00
^VIX,2025-05-30,18.56999969482422,18.56999969482422,20.549999237060547,18.56999969482422,19.610000610351562,0,-0.03180399377715093,2026-07-20T21:28:15.085957+08:00
^VIX,2025-06-02,18.360000610351562,18.360000610351562,20.450000762939453,18.360000610351562,19.809999465942383,0,-0.01130851308151537,2026-07-20T21:28:15.085957+08:00
^VIX,2025-06-03,17.690000534057617,17.690000534057617,19.209999084472656,17.639999389648438,18.829999923706055,0,-0.03649237766997637,2026-07-20T21:28:15.085957+08:00
^VIX,2025-06-04,17.610000610351562,17.610000610351562,18.06999969482422,17.40999984741211,17.68000030517578,0,-0.004522324550077617,2026-07-20T21:28:15.085957+08:00
^VIX,2025-06-05,18.479999542236328,18.479999542236328,18.799999237060547,17.079999923706055,17.68000030517578,0,0.04940368550432428,2026-07-20T21:28:15.085957+08:00
^VIX,2025-06-06,16.770000457763672,16.770000457763672,18.350000381469727,16.649999618530273,18.15999984741211,0,-0.0925324202830431,2026-07-20T21:28:15.085957+08:00
^VIX,2025-06-09,17.15999984741211,17.15999984741211,17.719999313354492,16.81999969482422,17.690000534057617,0,0.0232557769232431,2026-07-20T21:28:15.085957+08:00
^VIX,2025-06-10,16.950000762939453,16.950000762939453,17.989999771118164,16.68000030517578,17.5,0,-0.012237708994171426,2026-07-20T21:28:15.085957+08:00
^VIX,2025-06-11,17.260000228881836,17.260000228881836,18.09000015258789,16.229999542236328,17.040000915527344,0,0.01828905321468688,2026-07-20T21:28:15.085957+08:00
^VIX,2025-06-12,18.020000457763672,18.020000457763672,18.8700008392334,17.43000030517578,17.8700008392334,0,0.04403245763636199,2026-07-20T21:28:15.085957+08:00
^VIX,2025-06-13,20.81999969482422,20.81999969482422,22.0,18.8799991607666,21.760000228881836,0,0.15538286159444614,2026-07-20T21:28:15.085957+08:00
^VIX,2025-06-16,19.110000610351562,19.110000610351562,20.219999313354492,18.670000076293945,19.780000686645508,0,-0.08213252207192667,2026-07-20T21:28:15.085957+08:00
^VIX,2025-06-17,21.600000381469727,21.600000381469727,21.790000915527344,19.549999237060547,20.530000686645508,0,0.130298257016767,2026-07-20T21:28:15.085957+08:00
^VIX,2025-06-18,20.139999389648438,20.139999389648438,21.579999923706055,19.59000015258789,20.899999618530273,0,-0.06759263731651588,2026-07-20T21:28:15.085957+08:00
^VIX,2025-06-20,20.6200008392334,20.6200008392334,21.06999969482422,19.110000610351562,20.739999771118164,0,0.023833240522920462,2026-07-20T21:28:15.085957+08:00
^VIX,2025-06-23,19.829999923706055,19.829999923706055,22.510000228881836,19.81999969482422,21.149999618530273,0,-0.03831236097838653,2026-07-20T21:28:15.085957+08:00
^VIX,2025-06-24,17.479999542236328,17.479999542236328,18.719999313354492,17.329999923706055,18.190000534057617,0,-0.11850733184624906,2026-07-20T21:28:15.085957+08:00
^VIX,2025-06-25,16.760000228881836,16.760000228881836,17.510000228881836,16.68000030517578,17.280000686645508,0,-0.041189893147009715,2026-07-20T21:28:15.085957+08:00
^VIX,2025-06-26,16.59000015258789,16.59000015258789,16.780000686645508,16.110000610351562,16.670000076293945,0,-0.010143202504316884,2026-07-20T21:28:15.085957+08:00
^VIX,2025-06-27,16.31999969482422,16.31999969482422,17.290000915527344,16.1200008392334,16.309999465942383,0,-0.01627489181918751,2026-07-20T21:28:15.085957+08:00
^VIX,2025-06-30,16.729999542236328,16.729999542236328,17.43000030517578,16.549999237060547,17.190000534057617,0,0.02512254013963844,2026-07-20T21:28:15.085957+08:00
^VIX,2025-07-01,16.829999923706055,16.829999923706055,17.479999542236328,16.510000228881836,16.979999542236328,0,0.005977309277102272,2026-07-20T21:28:15.085957+08:00
^VIX,2025-07-02,16.639999389648438,16.639999389648438,17.3700008392334,16.540000915527344,16.75,0,-0.011289396014196651,2026-07-20T21:28:15.085957+08:00
^VIX,2025-07-03,16.3799991607666,16.3799991607666,16.829999923706055,16.139999389648438,16.649999618530273,0,-0.015625014328040088,2026-07-20T21:28:15.085957+08:00
^VIX,2025-07-07,17.790000915527344,17.790000915527344,18.5,17.510000228881836,17.829999923706055,0,0.08608069761920256,2026-07-20T21:28:15.085957+08:00
^VIX,2025-07-08,16.809999465942383,16.809999465942383,17.440000534057617,16.540000915527344,17.40999984741211,0,-0.055087206247954934,2026-07-20T21:28:15.085957+08:00
^VIX,2025-07-09,15.9399995803833,15.9399995803833,16.760000228881836,15.760000228881836,16.760000228881836,0,-0.05175490262933857,2026-07-20T21:28:15.085957+08:00
^VIX,2025-07-10,15.779999732971191,15.779999732971191,16.239999771118164,15.699999809265137,16.229999542236328,0,-0.010037631845926431,2026-07-20T21:28:15.085957+08:00
^VIX,2025-07-11,16.399999618530273,16.399999618530273,17.239999771118164,15.979999542236328,16.40999984741211,0,0.03929023422374556,2026-07-20T21:28:15.085957+08:00
^VIX,2025-07-14,17.200000762939453,17.200000762939453,17.850000381469727,16.90999984741211,17.729999542236328,0,0.048780558720578515,2026-07-20T21:28:15.085957+08:00
^VIX,2025-07-15,17.3799991607666,17.3799991607666,17.389999389648438,16.559999465942383,16.889999389648438,0,0.010465022665288926,2026-07-20T21:28:15.085957+08:00
^VIX,2025-07-16,17.15999984741211,17.15999984741211,19.479999542236328,16.690000534057617,17.65999984741211,0,-0.012658188951534366,2026-07-20T21:28:15.085957+08:00
^VIX,2025-07-17,16.520000457763672,16.520000457763672,17.3700008392334,16.479999542236328,17.15999984741211,0,-0.03729600205940298,2026-07-20T21:28:15.085957+08:00
^VIX,2025-07-18,16.40999984741211,16.40999984741211,16.809999465942383,16.280000686645508,16.43000030517578,0,-0.006658632403358511,2026-07-20T21:28:15.085957+08:00
^VIX,2025-07-21,16.649999618530273,16.649999618530273,16.989999771118164,16.299999237060547,16.8700008392334,0,0.014625214707483014,2026-07-20T21:28:15.085957+08:00
^VIX,2025-07-22,16.5,16.5,17.479999542236328,16.43000030517578,16.75,0,-0.00900898630432001,2026-07-20T21:28:15.085957+08:00
^VIX,2025-07-23,15.369999885559082,15.369999885559082,16.31999969482422,15.319999694824219,16.229999542236328,0,-0.06848485542066174,2026-07-20T21:28:15.085957+08:00
^VIX,2025-07-24,15.390000343322754,15.390000343322754,15.539999961853027,14.949999809265137,15.390000343322754,0,0.0013012659669868754,2026-07-20T21:28:15.085957+08:00
^VIX,2025-07-25,14.930000305175781,14.930000305175781,15.390000343322754,14.920000076293945,15.329999923706055,0,-0.02988954047337322,2026-07-20T21:28:15.085957+08:00
^VIX,2025-07-28,15.029999732971191,15.029999732971191,15.539999961853027,15.0,15.149999618530273,0,0.0066978851809362805,2026-07-20T21:28:15.085957+08:00
^VIX,2025-07-29,15.979999542236328,15.979999542236328,16.1200008392334,14.699999809265137,14.949999809265137,0,0.0632069079270261,2026-07-20T21:28:15.085957+08:00
^VIX,2025-07-30,15.479999542236328,15.479999542236328,17.270000457763672,15.4399995803833,15.869999885559082,0,-0.03128911228554565,2026-07-20T21:28:15.085957+08:00
^VIX,2025-07-31,16.719999313354492,16.719999313354492,17.170000076293945,14.739999771118164,14.989999771118164,0,0.0801033467562382,2026-07-20T21:28:15.085957+08:00
^VIX,2025-08-01,20.3799991607666,20.3799991607666,21.899999618530273,17.389999389648438,17.399999618530273,0,0.21889952139464608,2026-07-20T21:28:15.085957+08:00
^VIX,2025-08-04,17.520000457763672,17.520000457763672,19.579999923706055,17.479999542236328,19.559999465942383,0,-0.14033360258957683,2026-07-20T21:28:15.085957+08:00
^VIX,2025-08-05,17.850000381469727,17.850000381469727,18.940000534057617,17.110000610351562,17.209999084472656,0,0.0188356115915409,2026-07-20T21:28:15.085957+08:00
^VIX,2025-08-06,16.770000457763672,16.770000457763672,17.8799991607666,16.559999465942383,17.219999313354492,0,-0.06050419611347535,2026-07-20T21:28:15.085957+08:00
^VIX,2025-08-07,16.56999969482422,16.56999969482422,17.639999389648438,15.979999542236328,16.40999984741211,0,-0.01192610360644697,2026-07-20T21:28:15.085957+08:00
^VIX,2025-08-08,15.149999618530273,15.149999618530273,16.520000457763672,15.149999618530273,16.479999542236328,0,-0.08569704903117736,2026-07-20T21:28:15.085957+08:00
^VIX,2025-08-11,16.25,16.25,16.360000610351562,15.520000457763672,15.8100004196167,0,0.07260728773380909,2026-07-20T21:28:15.085957+08:00
^VIX,2025-08-12,14.729999542236328,14.729999542236328,16.559999465942383,14.65999984741211,16.09000015258789,0,-0.09353848970853362,2026-07-20T21:28:15.085957+08:00
^VIX,2025-08-13,14.489999771118164,14.489999771118164,14.8100004196167,14.300000190734863,14.619999885559082,0,-0.01629326399026665,2026-07-20T21:28:15.085957+08:00
^VIX,2025-08-14,14.829999923706055,14.829999923706055,15.390000343322754,14.569999694824219,14.65999984741211,0,0.023464469148273492,2026-07-20T21:28:15.085957+08:00
^VIX,2025-08-15,15.09000015258789,15.09000015258789,15.180000305175781,14.399999618530273,14.430000305175781,0,0.017532045193487944,2026-07-20T21:28:15.085957+08:00
^VIX,2025-08-18,14.989999771118164,14.989999771118164,15.949999809265137,14.949999809265137,15.729999542236328,0,-0.006626930447881874,2026-07-20T21:28:15.085957+08:00
^VIX,2025-08-19,15.569999694824219,15.569999694824219,15.90999984741211,14.760000228881836,15.229999542236328,0,0.038692457142231795,2026-07-20T21:28:15.085957+08:00
^VIX,2025-08-20,15.6899995803833,15.6899995803833,17.190000534057617,15.569999694824219,15.949999809265137,0,0.007707121895382807,2026-07-20T21:28:15.085957+08:00
^VIX,2025-08-21,16.600000381469727,16.600000381469727,17.239999771118164,15.649999618530273,15.720000267028809,0,0.05799877791100583,2026-07-20T21:28:15.085957+08:00
^VIX,2025-08-22,14.220000267028809,14.220000267028809,16.829999923706055,14.210000038146973,16.809999465942383,0,-0.1433734975751969,2026-07-20T21:28:15.085957+08:00
^VIX,2025-08-25,14.789999961853027,14.789999961853027,15.1899995803833,14.239999771118164,15.050000190734863,0,0.040084365971908564,2026-07-20T21:28:15.085957+08:00
^VIX,2025-08-26,14.619999885559082,14.619999885559082,15.75,14.619999885559082,15.75,0,-0.011494258061691465,2026-07-20T21:28:15.085957+08:00
^VIX,2025-08-27,14.850000381469727,14.850000381469727,15.229999542236328,14.65999984741211,14.65999984741211,0,0.015731908188168164,2026-07-20T21:28:15.085957+08:00
^VIX,2025-08-28,14.430000305175781,14.430000305175781,14.6899995803833,14.119999885559082,14.420000076293945,0,-0.028282832693932725,2026-07-20T21:28:15.085957+08:00
^VIX,2025-08-29,15.359999656677246,15.359999656677246,15.970000267028809,14.3100004196167,14.3100004196167,0,0.06444901814505788,2026-07-20T21:28:15.085957+08:00
^VIX,2025-09-02,17.170000076293945,17.170000076293945,19.3799991607666,16.549999237060547,16.649999618530273,0,0.11783857161935951,2026-07-20T21:28:15.085957+08:00
^VIX,2025-09-03,16.350000381469727,16.350000381469727,17.56999969482422,16.34000015258789,17.399999618530273,0,-0.047757698962177964,2026-07-20T21:28:15.085957+08:00
^VIX,2025-09-04,15.300000190734863,15.300000190734863,16.350000381469727,15.279999732971191,16.219999313354492,0,-0.06422019365362708,2026-07-20T21:28:15.085957+08:00
^VIX,2025-09-05,15.180000305175781,15.180000305175781,16.920000076293945,14.739999771118164,15.229999542236328,0,-0.007843129677328364,2026-07-20T21:28:15.085957+08:00
^VIX,2025-09-08,15.109999656677246,15.109999656677246,15.649999618530273,14.989999771118164,15.579999923706055,0,-0.0046113733261696765,2026-07-20T21:28:15.085957+08:00
^VIX,2025-09-09,15.039999961853027,15.039999961853027,15.819999694824219,14.970000267028809,15.020000457763672,0,-0.004632673488730754,2026-07-20T21:28:15.085957+08:00
^VIX,2025-09-10,15.350000381469727,15.350000381469727,15.630000114440918,14.630000114440918,14.979999542236328,0,0.02061173007998507,2026-07-20T21:28:15.085957+08:00
^VIX,2025-09-11,14.710000038146973,14.710000038146973,15.239999771118164,14.649999618530273,15.1899995803833,0,-0.04169383240506963,2026-07-20T21:28:15.085957+08:00
^VIX,2025-09-12,14.760000228881836,14.760000228881836,14.970000267028809,14.40999984741211,14.619999885559082,0,0.003399061224010902,2026-07-20T21:28:15.085957+08:00
^VIX,2025-09-15,15.6899995803833,15.6899995803833,15.84000015258789,14.920000076293945,15.140000343322754,0,0.0630080851680257,2026-07-20T21:28:15.085957+08:00
^VIX,2025-09-16,16.360000610351562,16.360000610351562,16.3799991607666,15.4399995803833,15.600000381469727,0,0.04270242497685861,2026-07-20T21:28:15.085957+08:00
^VIX,2025-09-17,15.720000267028809,15.720000267028809,16.75,15.260000228881836,16.420000076293945,0,-0.03911982392701152,2026-07-20T21:28:15.085957+08:00
^VIX,2025-09-18,15.699999809265137,15.699999809265137,15.800000190734863,14.329999923706055,14.930000305175781,0,-0.0012722937292578562,2026-07-20T21:28:15.085957+08:00
^VIX,2025-09-19,15.449999809265137,15.449999809265137,16.1299991607666,15.289999961853027,15.760000228881836,0,-0.01592356707243181,2026-07-20T21:28:15.085957+08:00
^VIX,2025-09-22,16.100000381469727,16.100000381469727,16.350000381469727,15.779999732971191,16.139999389648438,0,0.04207123496628107,2026-07-20T21:28:15.085957+08:00
^VIX,2025-09-23,16.639999389648438,16.639999389648438,17.06999969482422,15.949999809265137,16.100000381469727,0,0.0335403102723042,2026-07-20T21:28:15.085957+08:00
^VIX,2025-09-24,16.18000030517578,16.18000030517578,17.209999084472656,16.18000030517578,16.56999969482422,0,-0.02764417676354103,2026-07-20T21:28:15.085957+08:00
^VIX,2025-09-25,16.739999771118164,16.739999771118164,17.739999771118164,16.31999969482422,16.549999237060547,0,0.03461059674784095,2026-07-20T21:28:15.085957+08:00
^VIX,2025-09-26,15.289999961853027,15.289999961853027,17.049999237060547,15.289999961853027,16.889999389648438,0,-0.08661886673181729,2026-07-20T21:28:15.085957+08:00
^VIX,2025-09-29,16.1200008392334,16.1200008392334,16.290000915527344,15.739999771118164,15.84000015258789,0,0.05428390316881204,2026-07-20T21:28:15.085957+08:00
^VIX,2025-09-30,16.280000686645508,16.280000686645508,16.700000762939453,16.020000457763672,16.489999771118164,0,0.00992554833016479,2026-07-20T21:28:15.085957+08:00
^VIX,2025-10-01,16.290000915527344,16.290000915527344,17.280000686645508,15.979999542236328,17.280000686645508,0,0.0006142646474234237,2026-07-20T21:28:15.085957+08:00
^VIX,2025-10-02,16.6299991607666,16.6299991607666,16.920000076293945,15.930000305175781,16.1200008392334,0,0.020871591536571144,2026-07-20T21:28:15.085957+08:00
^VIX,2025-10-03,16.649999618530273,16.649999618530273,17.059999465942383,16.200000762939453,16.350000381469727,0,0.001202673407877164,2026-07-20T21:28:15.085957+08:00
^VIX,2025-10-06,16.3700008392334,16.3700008392334,17.09000015258789,16.290000915527344,16.739999771118164,0,-0.016816743886603813,2026-07-20T21:28:15.085957+08:00
^VIX,2025-10-07,17.239999771118164,17.239999771118164,17.549999237060547,16.190000534057617,16.579999923706055,0,0.05314593080531016,2026-07-20T21:28:15.085957+08:00
^VIX,2025-10-08,16.299999237060547,16.299999237060547,17.200000762939453,16.229999542236328,17.170000076293945,0,-0.0545243936506532,2026-07-20T21:28:15.085957+08:00
^VIX,2025-10-09,16.43000030517578,16.43000030517578,17.270000457763672,16.260000228881836,16.309999465942383,0,0.007975526024544655,2026-07-20T21:28:15.085957+08:00
^VIX,2025-10-10,21.65999984741211,21.65999984741211,22.440000534057617,16.229999542236328,16.360000610351562,0,0.3183201123002275,2026-07-20T21:28:15.085957+08:00
^VIX,2025-10-13,19.030000686645508,19.030000686645508,20.770000457763672,18.610000610351562,19.450000762939453,0,-0.12142193810222157,2026-07-20T21:28:15.085957+08:00
^VIX,2025-10-14,20.809999465942383,20.809999465942383,22.940000534057617,19.18000030517578,21.459999084472656,0,0.09353645376092956,2026-07-20T21:28:15.085957+08:00
^VIX,2025-10-15,20.639999389648438,20.639999389648438,22.440000534057617,19.110000610351562,20.020000457763672,0,-0.008169153323245748,2026-07-20T21:28:15.085957+08:00
^VIX,2025-10-16,25.309999465942383,25.309999465942383,25.43000030517578,19.850000381469727,20.489999771118164,0,0.22625970030968534,2026-07-20T21:28:15.085957+08:00
^VIX,2025-10-17,20.780000686645508,20.780000686645508,28.989999771118164,20.729999542236328,28.40999984741211,0,-0.1789805956097521,2026-07-20T21:28:15.085957+08:00
^VIX,2025-10-20,18.229999542236328,18.229999542236328,21.020000457763672,18.229999542236328,20.530000686645508,0,-0.12271419923715232,2026-07-20T21:28:15.085957+08:00
^VIX,2025-10-21,17.8700008392334,17.8700008392334,18.889999389648438,17.399999618530273,18.649999618530273,0,-0.01974759802757342,2026-07-20T21:28:15.085957+08:00
^VIX,2025-10-22,18.600000381469727,18.600000381469727,21.010000228881836,17.729999542236328,17.84000015258789,0,0.04085056004214738,2026-07-20T21:28:15.085957+08:00
^VIX,2025-10-23,17.299999237060547,17.299999237060547,19.350000381469727,17.079999923706055,18.360000610351562,0,-0.06989253321222011,2026-07-20T21:28:15.085957+08:00
^VIX,2025-10-24,16.3700008392334,16.3700008392334,17.219999313354492,16.020000457763672,17.020000457763672,0,-0.05375713519309755,2026-07-20T21:28:15.085957+08:00
^VIX,2025-10-27,15.789999961853027,15.789999961853027,16.06999969482422,15.619999885559082,15.729999542236328,0,-0.03543071763260408,2026-07-20T21:28:15.085957+08:00
^VIX,2025-10-28,16.420000076293945,16.420000076293945,16.549999237060547,15.65999984741211,15.949999809265137,0,0.03989867738840602,2026-07-20T21:28:15.085957+08:00
^VIX,2025-10-29,16.920000076293945,16.920000076293945,17.579999923706055,16.260000228881836,16.34000015258789,0,0.03045066977325206,2026-07-20T21:28:15.085957+08:00
^VIX,2025-10-30,16.90999984741211,16.90999984741211,17.40999984741211,15.729999542236328,16.260000228881836,0,-0.0005910300730935791,2026-07-20T21:28:15.085957+08:00
^VIX,2025-10-31,17.440000534057617,17.440000534057617,18.540000915527344,15.960000038146973,16.43000030517578,0,0.03134244183488977,2026-07-20T21:28:15.085957+08:00
^VIX,2025-11-03,17.170000076293945,17.170000076293945,18.829999923706055,17.0,18.059999465942383,0,-0.01548167714997506,2026-07-20T21:28:15.085957+08:00
^VIX,2025-11-04,19.0,19.0,20.479999542236328,17.899999618530273,19.729999542236328,0,0.10658124144289749,2026-07-20T21:28:15.085957+08:00
^VIX,2025-11-05,18.010000228881836,18.010000228881836,20.020000457763672,17.309999465942383,19.3700008392334,0,-0.05210525111148234,2026-07-20T21:28:15.085957+08:00
^VIX,2025-11-06,19.5,19.5,20.309999465942383,17.639999389648438,18.360000610351562,0,0.08273180189796547,2026-07-20T21:28:15.085957+08:00
^VIX,2025-11-07,19.079999923706055,19.079999923706055,22.719999313354492,19.079999923706055,19.520000457763672,0,-0.0215384654509716,2026-07-20T21:28:15.085957+08:00
^VIX,2025-11-10,17.600000381469727,17.600000381469727,18.81999969482422,17.600000381469727,18.579999923706055,0,-0.07756811049026757,2026-07-20T21:28:15.085957+08:00
^VIX,2025-11-11,17.280000686645508,17.280000686645508,18.010000228881836,17.25,17.899999618530273,0,-0.018181800448205276,2026-07-20T21:28:15.085957+08:00
^VIX,2025-11-12,17.510000228881836,17.510000228881836,18.059999465942383,17.100000381469727,17.209999084472656,0,0.013310158165333874,2026-07-20T21:28:15.085957+08:00
^VIX,2025-11-13,20.0,20.0,21.309999465942383,17.510000228881836,17.610000610351562,0,0.1422044396670561,2026-07-20T21:28:15.085957+08:00
^VIX,2025-11-14,19.829999923706055,19.829999923706055,23.030000686645508,19.559999465942383,21.329999923706055,0,-0.008500003814697288,2026-07-20T21:28:15.085957+08:00
^VIX,2025-11-17,22.3799991607666,22.3799991607666,23.440000534057617,19.540000915527344,19.579999923706055,0,0.12859300286794828,2026-07-20T21:28:15.085957+08:00
^VIX,2025-11-18,24.690000534057617,24.690000534057617,25.84000015258789,22.90999984741211,23.540000915527344,0,0.10321722340993555,2026-07-20T21:28:15.085957+08:00
^VIX,2025-11-19,23.65999984741211,23.65999984741211,24.790000915527344,21.93000030517578,24.520000457763672,0,-0.041717321359500015,2026-07-20T21:28:15.085957+08:00
^VIX,2025-11-20,26.420000076293945,26.420000076293945,28.270000457763672,19.280000686645508,20.780000686645508,0,0.11665258861714323,2026-07-20T21:28:15.085957+08:00
^VIX,2025-11-21,23.43000030517578,23.43000030517578,27.84000015258789,22.540000915527344,25.969999313354492,0,-0.11317183052550484,2026-07-20T21:28:15.085957+08:00
^VIX,2025-11-24,20.520000457763672,20.520000457763672,23.68000030517578,20.40999984741211,22.690000534057617,0,-0.12419973578785137,2026-07-20T21:28:15.085957+08:00
^VIX,2025-11-25,18.559999465942383,18.559999465942383,21.770000457763672,18.389999389648438,20.549999237060547,0,-0.09551661540434953,2026-07-20T21:28:15.085957+08:00
^VIX,2025-11-26,17.190000534057617,17.190000534057617,18.700000762939453,16.93000030517578,18.25,0,-0.07381459974709137,2026-07-20T21:28:15.085957+08:00
^VIX,2025-11-28,16.350000381469727,16.350000381469727,18.520000457763672,15.779999732971191,17.40999984741211,0,-0.04886562690464402,2026-07-20T21:28:15.085957+08:00
^VIX,2025-12-01,17.239999771118164,17.239999771118164,18.329999923706055,16.579999923706055,18.049999237060547,0,0.05443421216412436,2026-07-20T21:28:15.085957+08:00
^VIX,2025-12-02,16.59000015258789,16.59000015258789,17.309999465942383,16.389999389648438,17.280000686645508,0,-0.03770299461483784,2026-07-20T21:28:15.085957+08:00
^VIX,2025-12-03,16.079999923706055,16.079999923706055,17.280000686645508,15.930000305175781,16.43000030517578,0,-0.03074142400187263,2026-07-20T21:28:15.085957+08:00
^VIX,2025-12-04,15.779999732971191,15.779999732971191,16.6299991607666,15.680000305175781,16.229999542236328,0,-0.01865672836805088,2026-07-20T21:28:15.085957+08:00
^VIX,2025-12-05,15.40999984741211,15.40999984741211,16.18000030517578,15.279999732971191,15.579999923706055,0,-0.023447394918898135,2026-07-20T21:28:15.085957+08:00
^VIX,2025-12-08,16.65999984741211,16.65999984741211,17.09000015258789,16.100000381469727,16.149999618530273,0,0.08111615914194314,2026-07-20T21:28:15.085957+08:00
^VIX,2025-12-09,16.93000030517578,16.93000030517578,17.200000762939453,16.450000762939453,16.65999984741211,0,0.016206510218282677,2026-07-20T21:28:15.085957+08:00
^VIX,2025-12-10,15.770000457763672,15.770000457763672,17.65999984741211,15.5600004196167,16.940000534057617,0,-0.06851741444195236,2026-07-20T21:28:15.085957+08:00
^VIX,2025-12-11,14.850000381469727,14.850000381469727,16.8799991607666,14.850000381469727,16.84000015258789,0,-0.05833862077290075,2026-07-20T21:28:15.085957+08:00
^VIX,2025-12-12,15.739999771118164,15.739999771118164,17.850000381469727,14.850000381469727,14.989999771118164,0,0.059932617291983625,2026-07-20T21:28:15.085957+08:00
^VIX,2025-12-15,16.5,16.5,17.350000381469727,15.989999771118164,16.510000228881836,0,0.04828464040237068,2026-07-20T21:28:15.085957+08:00
^VIX,2025-12-16,16.479999542236328,16.479999542236328,17.610000610351562,16.190000534057617,17.280000686645508,0,-0.0012121489553740261,2026-07-20T21:28:15.085957+08:00
^VIX,2025-12-17,17.6200008392334,17.6200008392334,18.0,15.819999694824219,16.450000762939453,0,0.06917483790429602,2026-07-20T21:28:15.085957+08:00
^VIX,2025-12-18,16.8700008392334,16.8700008392334,17.68000030517578,15.930000305175781,17.610000610351562,0,-0.04256526471497213,2026-07-20T21:28:15.085957+08:00
^VIX,2025-12-19,14.90999984741211,14.90999984741211,16.530000686645508,14.90999984741211,16.309999465942383,0,-0.11618262562637516,2026-07-20T21:28:15.085957+08:00
^VIX,2025-12-22,14.079999923706055,14.079999923706055,15.260000228881836,14.029999732971191,15.15999984741211,0,-0.05566733281020897,2026-07-20T21:28:15.085957+08:00
^VIX,2025-12-23,14.0,14.0,14.449999809265137,13.640000343322754,14.09000015258789,0,-0.005681812794001595,2026-07-20T21:28:15.085957+08:00
^VIX,2025-12-24,13.470000267028809,13.470000267028809,14.15999984741211,13.380000114440918,14.09000015258789,0,-0.03785712378365658,2026-07-20T21:28:15.085957+08:00
^VIX,2025-12-26,13.600000381469727,13.600000381469727,14.289999961853027,13.520000457763672,14.119999885559082,0,0.0096510847708835,2026-07-20T21:28:15.085957+08:00
^VIX,2025-12-29,14.199999809265137,14.199999809265137,15.079999923706055,13.989999771118164,14.6899995803833,0,0.044117603747491074,2026-07-20T21:28:15.085957+08:00
^VIX,2025-12-30,14.329999923706055,14.329999923706055,14.619999885559082,14.039999961853027,14.430000305175781,0,0.009154937759653814,2026-07-20T21:28:15.085957+08:00
^VIX,2025-12-31,14.949999809265137,14.949999809265137,15.170000076293945,14.380000114440918,14.770000457763672,0,0.04326586802930965,2026-07-20T21:28:15.085957+08:00
^VIX,2026-01-02,14.510000228881836,14.510000228881836,15.420000076293945,14.460000038146973,14.850000381469727,0,-0.02943141043457509,2026-07-20T21:28:15.085957+08:00
^VIX,2026-01-05,14.899999618530273,14.899999618530273,15.270000457763672,14.649999618530273,15.140000343322754,0,0.02687797267378067,2026-07-20T21:28:15.085957+08:00
^VIX,2026-01-06,14.75,14.75,15.210000038146973,14.630000114440918,15.0,0,-0.010067088749702191,2026-07-20T21:28:15.085957+08:00
^VIX,2026-01-07,15.380000114440918,15.380000114440918,15.479999542236328,14.829999923706055,14.949999809265137,0,0.042711872165486,2026-07-20T21:28:15.085957+08:00
^VIX,2026-01-08,15.449999809265137,15.449999809265137,15.850000381469727,15.149999618530273,15.6899995803833,0,0.004551345533378326,2026-07-20T21:28:15.085957+08:00
^VIX,2026-01-09,14.489999771118164,14.489999771118164,15.8100004196167,14.430000305175781,15.680000305175781,0,-0.062135925566243366,2026-07-20T21:28:15.085957+08:00
^VIX,2026-01-12,15.119999885559082,15.119999885559082,16.65999984741211,15.029999732971191,16.059999465942383,0,0.04347826945426525,2026-07-20T21:28:15.085957+08:00
^VIX,2026-01-13,15.979999542236328,15.979999542236328,16.5,14.75,15.359999656677246,0,0.056878284602278395,2026-07-20T21:28:15.085957+08:00
^VIX,2026-01-14,16.75,16.75,18.100000381469727,16.219999313354492,16.329999923706055,0,0.04818526156577807,2026-07-20T21:28:15.085957+08:00
^VIX,2026-01-15,15.84000015258789,15.84000015258789,16.540000915527344,15.300000190734863,16.520000457763672,0,-0.054328349099230455,2026-07-20T21:28:15.085957+08:00
^VIX,2026-01-16,15.859999656677246,15.859999656677246,16.290000915527344,15.300000190734863,15.4399995803833,0,0.0012625949429734273,2026-07-20T21:28:15.085957+08:00
^VIX,2026-01-20,20.09000015258789,20.09000015258789,20.989999771118164,18.639999389648438,19.940000534057617,0,0.2667087381764075,2026-07-20T21:28:15.085957+08:00
^VIX,2026-01-21,16.899999618530273,16.899999618530273,20.809999465942383,16.670000076293945,19.309999465942383,0,-0.1587854907829206,2026-07-20T21:28:15.085957+08:00
^VIX,2026-01-22,15.640000343322754,15.640000343322754,16.670000076293945,15.270000457763672,16.649999618530273,0,-0.07455617181351726,2026-07-20T21:28:15.085957+08:00
^VIX,2026-01-23,16.09000015258789,16.09000015258789,16.209999084472656,15.300000190734863,15.680000305175781,0,0.02877236568970143,2026-07-20T21:28:15.085957+08:00
^VIX,2026-01-26,16.149999618530273,16.149999618530273,17.389999389648438,15.800000190734863,16.899999618530273,0,0.0037289910113973423,2026-07-20T21:28:15.085957+08:00
^VIX,2026-01-27,16.350000381469727,16.350000381469727,16.3700008392334,15.739999771118164,16.020000457763672,0,0.012383948462139527,2026-07-20T21:28:15.085957+08:00
^VIX,2026-01-28,16.350000381469727,16.350000381469727,17.18000030517578,16.049999237060547,16.09000015258789,0,0.0,2026-07-20T21:28:15.085957+08:00
^VIX,2026-01-29,16.8799991607666,16.8799991607666,19.739999771118164,16.020000457763672,16.040000915527344,0,0.032415826723621866,2026-07-20T21:28:15.085957+08:00
^VIX,2026-01-30,17.440000534057617,17.440000534057617,19.270000457763672,16.670000076293945,18.719999313354492,0,0.03317543845574367,2026-07-20T21:28:15.085957+08:00
^VIX,2026-02-02,16.34000015258789,16.34000015258789,19.959999084472656,16.079999923706055,19.950000762939453,0,-0.06307341443720693,2026-07-20T21:28:15.085957+08:00
^VIX,2026-02-03,18.0,18.0,20.3700008392334,16.049999237060547,16.15999984741211,0,0.10159117698350828,2026-07-20T21:28:15.085957+08:00
^VIX,2026-02-04,18.639999389648438,18.639999389648438,21.239999771118164,17.469999313354492,17.6299991607666,0,0.03555552164713549,2026-07-20T21:28:15.085957+08:00
^VIX,2026-02-05,21.770000457763672,21.770000457763672,23.100000381469727,19.059999465942383,19.239999771118164,0,0.1679185177362963,2026-07-20T21:28:15.085957+08:00
^VIX,2026-02-06,20.3700008392334,20.3700008392334,21.489999771118164,19.989999771118164,21.239999771118164,0,-0.06430866279706493,2026-07-20T21:28:15.085957+08:00
^VIX,2026-02-09,17.360000610351562,17.360000610351562,19.200000762939453,16.899999618530273,17.950000762939453,0,-0.1477663281723809,2026-07-20T21:28:15.085957+08:00
^VIX,2026-02-10,17.790000915527344,17.790000915527344,17.969999313354492,17.139999389648438,17.469999313354492,0,0.02476960196184419,2026-07-20T21:28:15.085957+08:00
^VIX,2026-02-11,17.649999618530273,17.649999618530273,18.959999084472656,16.75,17.8700008392334,0,-0.007869662158076385,2026-07-20T21:28:15.085957+08:00
^VIX,2026-02-12,20.81999969482422,20.81999969482422,21.209999084472656,17.079999923706055,17.440000534057617,0,0.17960340763780214,2026-07-20T21:28:15.085957+08:00
^VIX,2026-02-13,20.600000381469727,20.600000381469727,22.399999618530273,18.920000076293945,21.479999542236328,0,-0.010566729902939609,2026-07-20T21:28:15.085957+08:00
^VIX,2026-02-17,20.290000915527344,20.290000915527344,22.959999084472656,19.760000228881836,21.739999771118164,0,-0.015048517485525714,2026-07-20T21:28:15.085957+08:00
^VIX,2026-02-18,19.6200008392334,19.6200008392334,20.34000015258789,18.479999542236328,19.780000686645508,0,-0.03302119497595557,2026-07-20T21:28:15.085957+08:00
^VIX,2026-02-19,20.229999542236328,20.229999542236328,21.110000610351562,19.229999542236328,19.34000015258789,0,0.031090656315525544,2026-07-20T21:28:15.085957+08:00
^VIX,2026-02-20,19.09000015258789,19.09000015258789,21.209999084472656,18.760000228881836,20.040000915527344,0,-0.056351923650237334,2026-07-20T21:28:15.085957+08:00
^VIX,2026-02-23,21.010000228881836,21.010000228881836,22.040000915527344,19.5,20.489999771118164,0,0.10057622110776498,2026-07-20T21:28:15.085957+08:00
^VIX,2026-02-24,19.549999237060547,19.549999237060547,22.079999923706055,19.229999542236328,21.239999771118164,0,-0.06949076515545527,2026-07-20T21:28:15.085957+08:00
^VIX,2026-02-25,17.93000030517578,17.93000030517578,19.6200008392334,17.860000610351562,19.59000015258789,0,-0.082864398726613,2026-07-20T21:28:15.085957+08:00
^VIX,2026-02-26,18.6299991607666,18.6299991607666,20.540000915527344,17.5,18.06999969482422,0,0.03904064939635021,2026-07-20T21:28:15.085957+08:00
^VIX,2026-02-27,19.860000610351562,19.860000610351562,21.739999771118164,18.770000457763672,19.280000686645508,0,0.06602262506673928,2026-07-20T21:28:15.085957+08:00
^VIX,2026-03-02,21.440000534057617,21.440000534057617,25.239999771118164,20.3700008392334,24.65999984741211,0,0.07955689200142912,2026-07-20T21:28:15.085957+08:00
^VIX,2026-03-03,23.56999969482422,23.56999969482422,28.149999618530273,22.18000030517578,24.56999969482422,0,0.09934697330735043,2026-07-20T21:28:15.085957+08:00
^VIX,2026-03-04,21.149999618530273,21.149999618530273,24.8700008392334,20.399999618530273,24.389999389648438,0,-0.10267289383229639,2026-07-20T21:28:15.085957+08:00
^VIX,2026-03-05,23.75,23.75,25.84000015258789,20.549999237060547,22.110000610351562,0,0.12293146233401209,2026-07-20T21:28:15.085957+08:00
^VIX,2026-03-06,29.489999771118164,29.489999771118164,29.93000030517578,22.920000076293945,23.200000762939453,0,0.24168420088918596,2026-07-20T21:28:15.085957+08:00
^VIX,2026-03-09,25.5,25.5,35.29999923706055,24.760000228881836,35.119998931884766,0,-0.1353000950181722,2026-07-20T21:28:15.085957+08:00
^VIX,2026-03-10,24.93000030517578,24.93000030517578,26.010000228881836,22.190000534057617,24.389999389648438,0,-0.022352929208792838,2026-07-20T21:28:15.085957+08:00
^VIX,2026-03-11,24.229999542236328,24.229999542236328,26.229999542236328,23.75,24.899999618530273,0,-0.028078650395929716,2026-07-20T21:28:15.085957+08:00
^VIX,2026-03-12,27.290000915527344,27.290000915527344,27.329999923706055,24.600000381469727,25.479999542236328,0,0.12628978254650813,2026-07-20T21:28:15.085957+08:00
^VIX,2026-03-13,27.190000534057617,27.190000534057617,28.469999313354492,24.670000076293945,27.850000381469727,0,-0.0036643597696923713,2026-07-20T21:28:15.085957+08:00
^VIX,2026-03-16,23.510000228881836,23.510000228881836,26.420000076293945,23.229999542236328,25.8799991607666,0,-0.13534388499059757,2026-07-20T21:28:15.085957+08:00
^VIX,2026-03-17,22.3700008392334,22.3700008392334,24.579999923706055,21.8700008392334,24.559999465942383,0,-0.048489977820074914,2026-07-20T21:28:15.085957+08:00
^VIX,2026-03-18,25.09000015258789,25.09000015258789,25.1299991607666,21.469999313354492,21.510000228881836,0,0.12159138181989015,2026-07-20T21:28:15.085957+08:00
^VIX,2026-03-19,24.059999465942383,24.059999465942383,27.520000457763672,23.540000915527344,25.600000381469727,0,-0.041052239154301895,2026-07-20T21:28:15.085957+08:00
^VIX,2026-03-20,26.780000686645508,26.780000686645508,29.280000686645508,23.68000030517578,24.459999084472656,0,0.11305075981208423,2026-07-20T21:28:15.085957+08:00
^VIX,2026-03-23,26.149999618530273,26.149999618530273,31.040000915527344,20.280000686645508,30.040000915527344,0,-0.023525057952272554,2026-07-20T21:28:15.085957+08:00
^VIX,2026-03-24,26.950000762939453,26.950000762939453,27.940000534057617,25.639999389648438,25.90999984741211,0,0.03059277843515873,2026-07-20T21:28:15.085957+08:00
^VIX,2026-03-25,25.329999923706055,25.329999923706055,26.670000076293945,24.81999969482422,25.790000915527344,0,-0.06011134669284157,2026-07-20T21:28:15.085957+08:00
^VIX,2026-03-26,27.440000534057617,27.440000534057617,28.489999771118164,26.1200008392334,26.489999771118164,0,0.08330045861456314,2026-07-20T21:28:15.085957+08:00
^VIX,2026-03-27,31.049999237060547,31.049999237060547,31.649999618530273,27.540000915527344,27.540000915527344,0,0.13155971693667867,2026-07-20T21:28:15.085957+08:00
^VIX,2026-03-30,30.610000610351562,30.610000610351562,31.520000457763672,29.329999923706055,30.790000915527344,0,-0.014170648551379394,2026-07-20T21:28:15.085957+08:00
^VIX,2026-03-31,25.25,25.25,29.639999389648438,25.079999923706055,29.530000686645508,0,-0.17510619090085677,2026-07-20T21:28:15.085957+08:00
^VIX,2026-04-01,24.540000915527344,24.540000915527344,25.350000381469727,23.5,24.299999237060547,0,-0.028118775622679504,2026-07-20T21:28:15.085957+08:00
^VIX,2026-04-02,23.8700008392334,23.8700008392334,27.889999389648438,23.8700008392334,26.780000686645508,0,-0.027302365578560805,2026-07-20T21:28:15.085957+08:00
^VIX,2026-04-06,24.170000076293945,24.170000076293945,25.299999237060547,23.780000686645508,24.93000030517578,0,0.012568044680059565,2026-07-20T21:28:15.085957+08:00
^VIX,2026-04-07,25.780000686645508,25.780000686645508,28.0,24.34000015258789,25.09000015258789,0,0.06661152690399286,2026-07-20T21:28:15.085957+08:00
^VIX,2026-04-08,21.040000915527344,21.040000915527344,22.170000076293945,19.90999984741211,20.969999313354492,0,-0.18386344627110762,2026-07-20T21:28:15.085957+08:00
^VIX,2026-04-09,19.489999771118164,19.489999771118164,21.6299991607666,19.450000762939453,21.25,0,-0.07366925270736524,2026-07-20T21:28:15.085957+08:00
^VIX,2026-04-10,19.229999542236328,19.229999542236328,20.280000686645508,18.829999923706055,19.709999084472656,0,-0.013340186348648642,2026-07-20T21:28:15.085957+08:00
^VIX,2026-04-13,19.1200008392334,19.1200008392334,21.579999923706055,18.959999084472656,21.170000076293945,0,-0.005720161498773413,2026-07-20T21:28:15.085957+08:00
^VIX,2026-04-14,18.360000610351562,18.360000610351562,18.760000228881836,17.889999389648438,18.729999542236328,0,-0.039748964201003045,2026-07-20T21:28:15.085957+08:00
^VIX,2026-04-15,18.170000076293945,18.170000076293945,18.5,17.399999618530273,18.18000030517578,0,-0.010348612622076536,2026-07-20T21:28:15.085957+08:00
^VIX,2026-04-16,17.940000534057617,17.940000534057617,19.09000015258789,17.760000228881836,18.040000915527344,0,-0.012658202601573132,2026-07-20T21:28:15.085957+08:00
^VIX,2026-04-17,17.479999542236328,17.479999542236328,18.239999771118164,16.8700008392334,18.18000030517578,0,-0.02564108016318145,2026-07-20T21:28:15.085957+08:00
^VIX,2026-04-20,18.8700008392334,18.8700008392334,19.989999771118164,18.770000457763672,19.579999923706055,0,0.07951952708227816,2026-07-20T21:28:15.085957+08:00
^VIX,2026-04-21,19.5,19.5,20.850000381469727,18.75,19.18000030517578,0,0.03338628154465928,2026-07-20T21:28:15.085957+08:00
^VIX,2026-04-22,18.920000076293945,18.920000076293945,19.540000915527344,18.68000030517578,19.030000686645508,0,-0.029743585831079722,2026-07-20T21:28:15.085957+08:00
^VIX,2026-04-23,19.309999465942383,19.309999465942383,21.559999465942383,18.700000762939453,19.420000076293945,0,0.02061307547969271,2026-07-20T21:28:15.085957+08:00
^VIX,2026-04-24,18.709999084472656,18.709999084472656,19.350000381469727,18.459999084472656,18.889999389648438,0,-0.03107200404267052,2026-07-20T21:28:15.085957+08:00
^VIX,2026-04-27,18.020000457763672,18.020000457763672,19.270000457763672,18.020000457763672,19.209999084472656,0,-0.03687860291140321,2026-07-20T21:28:15.085957+08:00
^VIX,2026-04-28,17.829999923706055,17.829999923706055,19.43000030517578,17.780000686645508,18.299999237060547,0,-0.010543869546671303,2026-07-20T21:28:15.085957+08:00
^VIX,2026-04-29,18.809999465942383,18.809999465942383,19.0,17.809999465942383,17.829999923706055,0,0.054963519149170637,2026-07-20T21:28:15.085957+08:00
^VIX,2026-04-30,16.889999389648438,16.889999389648438,18.729999542236328,16.8700008392334,18.68000030517578,0,-0.10207337218538048,2026-07-20T21:28:15.085957+08:00
^VIX,2026-05-01,16.989999771118164,16.989999771118164,17.389999389648438,16.440000534057617,17.010000228881836,0,0.00592068591376127,2026-07-20T21:28:15.085957+08:00
^VIX,2026-05-04,18.290000915527344,18.290000915527344,19.079999923706055,17.149999618530273,17.3799991607666,0,0.07651566579883617,2026-07-20T21:28:15.085957+08:00
^VIX,2026-05-05,17.3799991607666,17.3799991607666,18.020000457763672,17.200000762939453,17.950000762939453,0,-0.04975405736520189,2026-07-20T21:28:15.085957+08:00
^VIX,2026-05-06,17.389999389648438,17.389999389648438,17.459999084472656,16.18000030517578,17.149999618530273,0,0.0005753871901450491,2026-07-20T21:28:15.085957+08:00
^VIX,2026-05-07,17.079999923706055,17.079999923706055,17.600000381469727,16.850000381469727,17.530000686645508,0,-0.01782630689032183,2026-07-20T21:28:15.085957+08:00
^VIX,2026-05-08,17.190000534057617,17.190000534057617,17.530000686645508,16.81999969482422,17.3700008392334,0,0.006440316794081857,2026-07-20T21:28:15.085957+08:00
^VIX,2026-05-11,18.3799991607666,18.3799991607666,18.469999313354492,17.899999618530273,18.209999084472656,0,0.0692262123175218,2026-07-20T21:28:15.085957+08:00
^VIX,2026-05-12,17.989999771118164,17.989999771118164,19.100000381469727,17.920000076293945,18.770000457763672,0,-0.021218683757119994,2026-07-20T21:28:15.085957+08:00
^VIX,2026-05-13,17.8700008392334,17.8700008392334,18.399999618530273,17.760000228881836,17.979999542236328,0,-0.006670313141271755,2026-07-20T21:28:15.085957+08:00
^VIX,2026-05-14,17.260000228881836,17.260000228881836,18.079999923706055,17.200000762939453,17.860000610351562,0,-0.0341354550477867,2026-07-20T21:28:15.085957+08:00
^VIX,2026-05-15,18.43000030517578,18.43000030517578,19.270000457763672,17.799999237060547,18.06999969482422,0,0.06778679378787822,2026-07-20T21:28:15.085957+08:00
^VIX,2026-05-18,17.81999969482422,17.81999969482422,19.440000534057617,17.700000762939453,19.25,0,-0.03309824201035161,2026-07-20T21:28:15.085957+08:00
^VIX,2026-05-19,18.059999465942383,18.059999465942383,18.360000610351562,17.65999984741211,18.010000228881836,0,0.01346800085456068,2026-07-20T21:28:15.085957+08:00
^VIX,2026-05-20,17.440000534057617,17.440000534057617,18.18000030517578,17.1299991607666,18.170000076293945,0,-0.03432995294678509,2026-07-20T21:28:15.085957+08:00
^VIX,2026-05-21,16.760000228881836,16.760000228881836,17.8700008392334,16.600000381469727,17.579999923706055,0,-0.03899084199268488,2026-07-20T21:28:15.085957+08:00
^VIX,2026-05-22,16.700000762939453,16.700000762939453,17.389999389648438,16.459999084472656,16.829999923706055,0,-0.003579920353401156,2026-07-20T21:28:15.085957+08:00
^VIX,2026-05-25,16.59000015258789,16.59000015258789,16.8700008392334,16.530000686645508,16.809999465942383,0,-0.006586862594382348,2026-07-20T21:28:15.085957+08:00
^VIX,2026-05-26,17.010000228881836,17.010000228881836,17.229999542236328,16.559999465942383,16.920000076293945,0,0.025316460062143387,2026-07-20T21:28:15.085957+08:00
^VIX,2026-05-27,16.290000915527344,16.290000915527344,17.18000030517578,16.290000915527344,17.010000228881836,0,-0.042328001391321646,2026-07-20T21:28:15.085957+08:00
^VIX,2026-05-28,15.739999771118164,15.739999771118164,16.850000381469727,15.609999656677246,16.760000228881836,0,-0.03376311316747249,2026-07-20T21:28:15.085957+08:00
^VIX,2026-05-29,15.319999694824219,15.319999694824219,15.880000114440918,15.220000267028809,15.8100004196167,0,-0.026683613875561618,2026-07-20T21:28:15.085957+08:00
^VIX,2026-06-01,16.049999237060547,16.049999237060547,16.34000015258789,15.710000038146973,15.880000114440918,0,0.04765010161736205,2026-07-20T21:28:15.085957+08:00
^VIX,2026-06-02,15.770000457763672,15.770000457763672,16.290000915527344,15.710000038146973,16.280000686645508,0,-0.017445407639044563,2026-07-20T21:28:15.085957+08:00
^VIX,2026-06-03,16.059999465942383,16.059999465942383,16.6299991607666,15.9399995803833,15.970000267028809,0,0.01838928343441748,2026-07-20T21:28:15.085957+08:00
^VIX,2026-06-04,15.399999618530273,15.399999618530273,16.799999237060547,15.180000305175781,16.329999923706055,0,-0.04109588227644323,2026-07-20T21:28:15.085957+08:00
^VIX,2026-06-05,21.510000228881836,21.510000228881836,21.56999969482422,15.5600004196167,15.869999885559082,0,0.3967532962143463,2026-07-20T21:28:15.085957+08:00
^VIX,2026-06-08,18.920000076293945,18.920000076293945,20.350000381469727,17.940000534057617,20.290000915527344,0,-0.12040911785348352,2026-07-20T21:28:15.085957+08:00
^VIX,2026-06-09,19.8700008392334,19.8700008392334,23.34000015258789,17.520000457763672,18.190000534057617,0,0.05021145661250648,2026-07-20T21:28:15.085957+08:00
^VIX,2026-06-10,22.219999313354492,22.219999313354492,22.65999984741211,20.059999465942383,20.100000381469727,0,0.11826866506623457,2026-07-20T21:28:15.085957+08:00
^VIX,2026-06-11,19.440000534057617,19.440000534057617,22.59000015258789,19.360000610351562,21.25,0,-0.12511246018023325,2026-07-20T21:28:15.085957+08:00
^VIX,2026-06-12,17.68000030517578,17.68000030517578,19.850000381469727,17.59000015258789,19.510000228881836,0,-0.09053498871043908,2026-07-20T21:28:15.085957+08:00
^VIX,2026-06-15,16.200000762939453,16.200000762939453,16.850000381469727,15.979999542236328,16.780000686645508,0,-0.08371037990327757,2026-07-20T21:28:15.085957+08:00
^VIX,2026-06-16,16.40999984741211,16.40999984741211,16.440000534057617,15.770000457763672,16.200000762939453,0,0.012962905838441063,2026-07-20T21:28:15.085957+08:00
^VIX,2026-06-17,18.440000534057617,18.440000534057617,18.84000015258789,16.020000457763672,16.079999923706055,0,0.12370510088491216,2026-07-20T21:28:15.085957+08:00
^VIX,2026-06-18,16.399999618530273,16.399999618530273,17.600000381469727,16.350000381469727,17.229999542236328,0,-0.11062911369007722,2026-07-20T21:28:15.085957+08:00
^VIX,2026-06-22,17.280000686645508,17.280000686645508,17.920000076293945,16.489999771118164,17.479999542236328,0,0.0536586029624615,2026-07-20T21:28:15.085957+08:00
^VIX,2026-06-23,19.489999771118164,19.489999771118164,20.540000915527344,18.610000610351562,19.670000076293945,0,0.1278934604545825,2026-07-20T21:28:15.085957+08:00
^VIX,2026-06-24,18.6299991607666,18.6299991607666,20.34000015258789,18.040000915527344,19.1299991607666,0,-0.044125224240688765,2026-07-20T21:28:15.085957+08:00
^VIX,2026-06-25,18.889999389648438,18.889999389648438,19.950000762939453,17.719999313354492,18.110000610351562,0,0.013955997884818938,2026-07-20T21:28:15.085957+08:00
^VIX,2026-06-26,18.40999984741211,18.40999984741211,20.719999313354492,18.200000762939453,19.700000762939453,0,-0.025410246572022843,2026-07-20T21:28:15.085957+08:00
^VIX,2026-06-29,17.649999618530273,17.649999618530273,19.450000762939453,17.489999771118164,18.600000381469727,0,-0.04128192477897652,2026-07-20T21:28:15.085957+08:00
^VIX,2026-06-30,16.450000762939453,16.450000762939453,17.75,16.270000457763672,17.540000915527344,0,-0.06798860518563254,2026-07-20T21:28:15.085957+08:00
^VIX,2026-07-01,16.59000015258789,16.59000015258789,17.299999237060547,15.970000267028809,17.110000610351562,0,0.008510600799718215,2026-07-20T21:28:15.085957+08:00
^VIX,2026-07-02,16.149999618530273,16.149999618530273,17.209999084472656,15.789999961853027,17.049999237060547,0,-0.026522033153145053,2026-07-20T21:28:15.085957+08:00
^VIX,2026-07-06,15.569999694824219,15.569999694824219,16.5,15.5600004196167,16.399999618530273,0,-0.035913308817702494,2026-07-20T21:28:15.085957+08:00
^VIX,2026-07-07,16.1299991607666,16.1299991607666,16.639999389648438,15.529999732971191,15.869999885559082,0,0.035966568845119395,2026-07-20T21:28:15.085957+08:00
^VIX,2026-07-08,16.899999618530273,16.899999618530273,18.90999984741211,16.350000381469727,16.549999237060547,0,0.0477371666352322,2026-07-20T21:28:15.085957+08:00
^VIX,2026-07-09,15.84000015258789,15.84000015258789,17.270000457763672,15.760000228881836,16.579999923706055,0,-0.06272186330585061,2026-07-20T21:28:15.085957+08:00
^VIX,2026-07-10,15.029999732971191,15.029999732971191,16.15999984741211,14.960000038146973,16.059999465942383,0,-0.05113638963471623,2026-07-20T21:28:15.085957+08:00
^VIX,2026-07-13,17.15999984741211,17.15999984741211,17.40999984741211,16.030000686645508,16.31999969482422,0,0.14171657699822537,2026-07-20T21:28:15.085957+08:00
^VIX,2026-07-14,16.5,16.5,17.559999465942383,16.149999618530273,17.209999084472656,0,-0.03846152991147278,2026-07-20T21:28:15.085957+08:00
^VIX,2026-07-15,15.670000076293945,15.670000076293945,16.56999969482422,15.640000343322754,16.200000762939453,0,-0.05030302567915479,2026-07-20T21:28:15.085957+08:00
^VIX,2026-07-16,16.729999542236328,16.729999542236328,17.229999542236328,15.770000457763672,15.819999694824219,0,0.06764514746531392,2026-07-20T21:28:15.085957+08:00
^VIX,2026-07-17,18.770000457763672,18.770000457763672,19.5,17.68000030517578,18.010000228881836,0,0.12193669882519642,2026-07-20T21:28:15.085957+08:00
^VIX,2026-07-20,18.100000381469727,18.100000381469727,18.940000534057617,17.770000457763672,18.899999618530273,0,-0.035695261585186544,2026-07-20T21:28:15.085957+08:00
