stock_id,trade_date,adjusted_close,close,high,low,open,volume,updated_at
2395.TW,2024-07-22,356.06707763671875,373.0,381.5,369.0,373.5,1611868,2026-07-21T20:10:35.390320+08:00
2395.TW,2024-07-23,354.1578674316406,371.0,377.0,369.5,373.0,825166,2026-07-21T20:10:35.390320+08:00
2395.TW,2024-07-26,334.1112060546875,350.0,358.0,349.0,358.0,2459143,2026-07-21T20:10:35.390320+08:00
2395.TW,2024-07-29,337.9295959472656,354.0,360.5,353.0,354.0,1183328,2026-07-21T20:10:35.390320+08:00
2395.TW,2024-07-30,328.8608703613281,344.5,356.5,340.0,356.0,1408244,2026-07-21T20:10:35.390320+08:00
2395.TW,2024-07-31,330.77008056640625,346.5,352.0,343.5,344.0,1166400,2026-07-21T20:10:35.390320+08:00
2395.TW,2024-08-01,336.0204162597656,352.0,354.5,348.0,348.5,1527200,2026-07-21T20:10:35.390320+08:00
2395.TW,2024-08-02,331.24737548828125,347.0,348.5,340.5,343.0,1069445,2026-07-21T20:10:35.390320+08:00
2395.TW,2024-08-05,312.1553039550781,327.0,338.0,319.0,338.0,1914598,2026-07-21T20:10:35.390320+08:00
2395.TW,2024-08-06,309.29150390625,324.0,332.5,315.0,327.0,1560516,2026-07-21T20:10:35.390320+08:00
2395.TW,2024-08-07,324.08782958984375,339.5,339.5,322.5,322.5,496235,2026-07-21T20:10:35.390320+08:00
2395.TW,2024-08-08,320.7467346191406,336.0,339.5,334.0,334.0,727104,2026-07-21T20:10:35.390320+08:00
2395.TW,2024-08-09,324.08782958984375,339.5,350.5,339.5,340.0,883330,2026-07-21T20:10:35.390320+08:00
2395.TW,2024-08-12,329.8154602050781,345.5,351.0,343.5,348.0,565666,2026-07-21T20:10:35.390320+08:00
2395.TW,2024-08-13,330.77008056640625,346.5,348.0,344.0,347.5,643223,2026-07-21T20:10:35.390320+08:00
2395.TW,2024-08-14,332.67926025390625,348.5,352.0,346.5,350.0,932565,2026-07-21T20:10:35.390320+08:00
2395.TW,2024-08-15,331.72467041015625,347.5,353.5,346.5,347.5,839123,2026-07-21T20:10:35.390320+08:00
2395.TW,2024-08-16,335.0657958984375,351.0,356.0,348.5,353.5,838068,2026-07-21T20:10:35.390320+08:00
2395.TW,2024-08-19,332.20196533203125,348.0,353.0,347.0,352.0,651082,2026-07-21T20:10:35.390320+08:00
2395.TW,2024-08-20,332.67926025390625,348.5,351.5,348.5,351.0,443213,2026-07-21T20:10:35.390320+08:00
2395.TW,2024-08-21,331.24737548828125,347.0,351.0,346.5,350.0,664222,2026-07-21T20:10:35.390320+08:00
2395.TW,2024-08-22,330.77008056640625,346.5,351.0,345.0,347.0,337177,2026-07-21T20:10:35.390320+08:00
2395.TW,2024-08-23,330.77008056640625,346.5,348.5,343.0,343.5,281631,2026-07-21T20:10:35.390320+08:00
2395.TW,2024-08-26,336.0204162597656,352.0,353.0,348.5,348.5,687200,2026-07-21T20:10:35.390320+08:00
2395.TW,2024-08-27,329.8154602050781,345.5,347.5,343.0,347.0,501097,2026-07-21T20:10:35.390320+08:00
2395.TW,2024-08-28,331.72467041015625,347.5,350.0,345.0,345.5,426104,2026-07-21T20:10:35.390320+08:00
2395.TW,2024-08-29,334.1112060546875,350.0,351.0,343.0,345.5,645374,2026-07-21T20:10:35.390320+08:00
2395.TW,2024-08-30,333.1565856933594,349.0,351.5,348.5,350.0,1850606,2026-07-21T20:10:35.390320+08:00
2395.TW,2024-09-02,332.20196533203125,348.0,353.0,348.0,349.0,505438,2026-07-21T20:10:35.390320+08:00
2395.TW,2024-09-03,332.20196533203125,348.0,354.0,348.0,350.0,1078000,2026-07-21T20:10:35.390320+08:00
2395.TW,2024-09-04,309.29150390625,324.0,333.0,321.5,328.0,2239098,2026-07-21T20:10:35.390320+08:00
2395.TW,2024-09-05,308.814208984375,323.5,331.5,323.0,328.0,1104011,2026-07-21T20:10:35.390320+08:00
2395.TW,2024-09-06,312.1553039550781,327.0,329.0,320.0,325.0,973065,2026-07-21T20:10:35.390320+08:00
2395.TW,2024-09-09,306.9049987792969,321.5,322.0,306.0,310.0,1757153,2026-07-21T20:10:35.390320+08:00
2395.TW,2024-09-10,304.99578857421875,319.5,326.5,318.5,320.5,619357,2026-07-21T20:10:35.390320+08:00
2395.TW,2024-09-11,305.47308349609375,320.0,325.0,320.0,322.0,706110,2026-07-21T20:10:35.390320+08:00
2395.TW,2024-09-12,308.814208984375,323.5,326.5,319.5,326.5,794154,2026-07-21T20:10:35.390320+08:00
2395.TW,2024-09-13,310.7234191894531,325.5,328.0,323.5,323.5,471190,2026-07-21T20:10:35.390320+08:00
2395.TW,2024-09-16,310.7234191894531,325.5,328.0,322.5,327.0,538295,2026-07-21T20:10:35.390320+08:00
2395.TW,2024-09-18,305.47308349609375,320.0,328.5,319.0,328.5,747140,2026-07-21T20:10:35.390320+08:00
2395.TW,2024-09-19,307.859619140625,322.5,325.5,318.0,320.5,980052,2026-07-21T20:10:35.390320+08:00
2395.TW,2024-09-20,317.4056396484375,332.5,333.5,327.0,327.0,1775374,2026-07-21T20:10:35.390320+08:00
2395.TW,2024-09-23,320.7467346191406,336.0,338.5,327.5,336.5,578415,2026-07-21T20:10:35.390320+08:00
2395.TW,2024-09-24,316.9283447265625,332.0,335.5,325.5,335.5,664038,2026-07-21T20:10:35.390320+08:00
2395.TW,2024-09-25,321.2240295410156,336.5,345.0,335.5,340.0,1233011,2026-07-21T20:10:35.390320+08:00
2395.TW,2024-09-26,323.13323974609375,338.5,343.0,334.5,341.0,1194098,2026-07-21T20:10:35.390320+08:00
2395.TW,2024-09-27,322.65594482421875,338.0,344.0,335.0,344.0,1050295,2026-07-21T20:10:35.390320+08:00
2395.TW,2024-09-30,306.9049987792969,321.5,331.5,321.5,324.0,1867586,2026-07-21T20:10:35.390320+08:00
2395.TW,2024-10-01,304.5184631347656,319.0,323.0,318.0,320.0,1246685,2026-07-21T20:10:35.390320+08:00
2395.TW,2024-10-04,304.5184631347656,319.0,322.0,312.5,312.5,1834130,2026-07-21T20:10:35.390320+08:00
2395.TW,2024-10-07,301.6546630859375,316.0,320.5,313.0,319.5,1365042,2026-07-21T20:10:35.390320+08:00
2395.TW,2024-10-08,299.7454833984375,314.0,317.5,311.5,313.5,1584024,2026-07-21T20:10:35.390320+08:00
2395.TW,2024-10-09,304.0411682128906,318.5,322.0,313.5,313.5,1506903,2026-07-21T20:10:35.390320+08:00
2395.TW,2024-10-11,303.0865783691406,317.5,323.0,316.5,323.0,959500,2026-07-21T20:10:35.390320+08:00
2395.TW,2024-10-14,308.814208984375,323.5,323.5,315.5,319.0,743278,2026-07-21T20:10:35.390320+08:00
2395.TW,2024-10-15,312.1553039550781,327.0,329.5,322.0,324.5,696252,2026-07-21T20:10:35.390320+08:00
2395.TW,2024-10-16,306.9049987792969,321.5,323.0,319.0,321.0,808023,2026-07-21T20:10:35.390320+08:00
2395.TW,2024-10-17,310.24609375,325.0,326.5,320.0,320.0,299647,2026-07-21T20:10:35.390320+08:00
2395.TW,2024-10-18,309.768798828125,324.5,331.0,323.5,329.0,680000,2026-07-21T20:10:35.390320+08:00
2395.TW,2024-10-21,313.1098937988281,328.0,332.0,325.5,331.5,631397,2026-07-21T20:10:35.390320+08:00
2395.TW,2024-10-22,306.9049987792969,321.5,325.0,318.5,321.5,1358314,2026-07-21T20:10:35.390320+08:00
2395.TW,2024-10-23,301.6546630859375,316.0,324.5,315.5,320.0,1132918,2026-07-21T20:10:35.390320+08:00
2395.TW,2024-10-24,303.5638732910156,318.0,320.5,312.0,313.0,680475,2026-07-21T20:10:35.390320+08:00
2395.TW,2024-10-25,303.5638732910156,318.0,321.0,317.0,320.0,347925,2026-07-21T20:10:35.390320+08:00
2395.TW,2024-10-28,305.47308349609375,320.0,322.5,316.5,321.5,438088,2026-07-21T20:10:35.390320+08:00
2395.TW,2024-10-29,301.6546630859375,316.0,325.5,313.5,325.5,899069,2026-07-21T20:10:35.390320+08:00
2395.TW,2024-10-30,305.47308349609375,320.0,321.5,313.5,313.5,1051805,2026-07-21T20:10:35.390320+08:00
2395.TW,2024-11-01,299.2681884765625,313.5,314.5,298.0,298.0,2015516,2026-07-21T20:10:35.390320+08:00
2395.TW,2024-11-04,307.3822937011719,322.0,322.0,313.0,315.5,743111,2026-07-21T20:10:35.390320+08:00
2395.TW,2024-11-05,310.24609375,325.0,326.5,319.0,322.0,847660,2026-07-21T20:10:35.390320+08:00
2395.TW,2024-11-06,312.1553039550781,327.0,329.5,325.0,325.5,787177,2026-07-21T20:10:35.390320+08:00
2395.TW,2024-11-07,321.2240295410156,336.5,341.0,323.5,324.0,1386620,2026-07-21T20:10:35.390320+08:00
2395.TW,2024-11-08,318.3602294921875,333.5,341.0,332.0,339.5,1328269,2026-07-21T20:10:35.390320+08:00
2395.TW,2024-11-11,309.29150390625,324.0,328.0,319.5,324.5,2922263,2026-07-21T20:10:35.390320+08:00
2395.TW,2024-11-12,306.9049987792969,321.5,323.5,319.0,319.5,2293009,2026-07-21T20:10:35.390320+08:00
2395.TW,2024-11-13,310.24609375,325.0,325.5,319.0,319.0,2071504,2026-07-21T20:10:35.390320+08:00
2395.TW,2024-11-14,313.1098937988281,328.0,329.5,324.0,324.0,1068064,2026-07-21T20:10:35.390320+08:00
2395.TW,2024-11-15,312.1553039550781,327.0,337.0,326.0,328.0,1213942,2026-07-21T20:10:35.390320+08:00
2395.TW,2024-11-18,312.1553039550781,327.0,327.5,323.5,326.5,928104,2026-07-21T20:10:35.390320+08:00
2395.TW,2024-11-19,316.4510498046875,331.5,332.0,323.0,323.0,1027200,2026-07-21T20:10:35.390320+08:00
2395.TW,2024-11-20,324.5651550292969,340.0,340.0,340.0,340.0,1735322,2026-07-21T20:10:35.390320+08:00
2395.TW,2024-11-21,326.474365234375,342.0,344.0,337.0,337.5,1130184,2026-07-21T20:10:35.390320+08:00
2395.TW,2024-11-22,333.1565856933594,349.0,351.5,345.0,345.0,1245909,2026-07-21T20:10:35.390320+08:00
2395.TW,2024-11-25,333.6339111328125,349.5,359.0,349.5,358.0,4308189,2026-07-21T20:10:35.390320+08:00
2395.TW,2024-11-26,331.72467041015625,347.5,351.5,344.5,346.5,684803,2026-07-21T20:10:35.390320+08:00
2395.TW,2024-11-27,330.77008056640625,346.5,352.0,343.5,345.0,946414,2026-07-21T20:10:35.390320+08:00
2395.TW,2024-11-28,326.95166015625,342.5,348.5,341.5,346.5,791400,2026-07-21T20:10:35.390320+08:00
2395.TW,2024-11-29,320.2694396972656,335.5,342.0,333.5,337.5,1092232,2026-07-21T20:10:35.390320+08:00
2395.TW,2024-12-02,331.24737548828125,347.0,352.0,337.5,340.5,1061144,2026-07-21T20:10:35.390320+08:00
2395.TW,2024-12-03,345.5664367675781,362.0,364.0,348.0,350.0,2480329,2026-07-21T20:10:35.390320+08:00
2395.TW,2024-12-04,343.6572265625,360.0,365.0,358.5,361.0,880980,2026-07-21T20:10:35.390320+08:00
2395.TW,2024-12-05,343.6572265625,360.0,362.5,357.0,359.0,542410,2026-07-21T20:10:35.390320+08:00
2395.TW,2024-12-06,340.79339599609375,357.0,361.0,356.0,360.0,505299,2026-07-21T20:10:35.390320+08:00
2395.TW,2024-12-09,339.36151123046875,355.5,359.0,351.0,357.0,566553,2026-07-21T20:10:35.390320+08:00
2395.TW,2024-12-10,337.4523010253906,353.5,357.5,352.0,357.5,495434,2026-07-21T20:10:35.390320+08:00
2395.TW,2024-12-11,338.88421630859375,355.0,357.5,350.0,350.5,539389,2026-07-21T20:10:35.390320+08:00
2395.TW,2024-12-12,336.0204162597656,352.0,355.5,349.0,352.0,670289,2026-07-21T20:10:35.390320+08:00
2395.TW,2024-12-13,336.4977111816406,352.5,355.5,349.5,352.0,569586,2026-07-21T20:10:35.390320+08:00
2395.TW,2024-12-16,335.0657958984375,351.0,357.0,349.5,355.0,578126,2026-07-21T20:10:35.390320+08:00
2395.TW,2024-12-17,335.5430908203125,351.5,354.0,349.0,349.0,659429,2026-07-21T20:10:35.390320+08:00
2395.TW,2024-12-18,342.70263671875,359.0,359.0,350.5,351.0,841369,2026-07-21T20:10:35.390320+08:00
2395.TW,2024-12-19,336.4977111816406,352.5,352.5,345.0,346.0,1237956,2026-07-21T20:10:35.390320+08:00
2395.TW,2024-12-20,323.61053466796875,339.0,351.5,339.0,347.0,1680721,2026-07-21T20:10:35.390320+08:00
2395.TW,2024-12-23,335.5430908203125,351.5,351.5,342.0,342.0,1045076,2026-07-21T20:10:35.390320+08:00
2395.TW,2024-12-24,332.67926025390625,348.5,355.5,347.5,351.0,638737,2026-07-21T20:10:35.390320+08:00
2395.TW,2024-12-25,335.5430908203125,351.5,353.5,349.0,350.5,168190,2026-07-21T20:10:35.390320+08:00
2395.TW,2024-12-26,332.20196533203125,348.0,353.0,348.0,351.0,161008,2026-07-21T20:10:35.390320+08:00
2395.TW,2024-12-27,335.0657958984375,351.0,351.0,346.0,346.5,206348,2026-07-21T20:10:35.390320+08:00
2395.TW,2024-12-30,329.8154602050781,345.5,353.0,345.5,353.0,223333,2026-07-21T20:10:35.390320+08:00
2395.TW,2024-12-31,330.77008056640625,346.5,346.5,341.0,342.0,712142,2026-07-21T20:10:35.390320+08:00
2395.TW,2025-01-02,328.3835754394531,344.0,346.5,340.5,344.5,593691,2026-07-21T20:10:35.390320+08:00
2395.TW,2025-01-03,329.3381652832031,345.0,347.0,342.0,345.5,291249,2026-07-21T20:10:35.390320+08:00
2395.TW,2025-01-06,337.9295959472656,354.0,354.0,348.0,348.5,547215,2026-07-21T20:10:35.390320+08:00
2395.TW,2025-01-07,343.6572265625,360.0,364.0,355.5,355.5,837889,2026-07-21T20:10:35.390320+08:00
2395.TW,2025-01-08,360.840087890625,378.0,381.0,358.0,360.0,2192714,2026-07-21T20:10:35.390320+08:00
2395.TW,2025-01-09,343.6572265625,360.0,378.0,360.0,378.0,1111964,2026-07-21T20:10:35.390320+08:00
2395.TW,2025-01-10,346.5210266113281,363.0,365.0,357.0,357.5,890296,2026-07-21T20:10:35.390320+08:00
2395.TW,2025-01-13,341.27069091796875,357.5,361.5,352.5,359.5,1239040,2026-07-21T20:10:35.390320+08:00
2395.TW,2025-01-14,340.79339599609375,357.0,359.5,353.0,356.5,573113,2026-07-21T20:10:35.390320+08:00
2395.TW,2025-01-15,336.9750061035156,353.0,359.0,351.0,357.5,461232,2026-07-21T20:10:35.390320+08:00
2395.TW,2025-01-16,347.95294189453125,364.5,373.0,355.0,355.0,951778,2026-07-21T20:10:35.390320+08:00
2395.TW,2025-01-17,348.43023681640625,365.0,367.5,361.0,364.0,720144,2026-07-21T20:10:35.390320+08:00
2395.TW,2025-01-20,348.90753173828125,365.5,370.0,363.5,365.0,559372,2026-07-21T20:10:35.390320+08:00
2395.TW,2025-01-21,350.3394470214844,367.0,373.0,363.0,365.5,1141684,2026-07-21T20:10:35.390320+08:00
2395.TW,2025-01-22,361.7947082519531,379.0,383.0,368.5,369.5,1795439,2026-07-21T20:10:35.390320+08:00
2395.TW,2025-02-03,357.49896240234375,374.5,397.5,371.0,397.5,3563111,2026-07-21T20:10:35.390320+08:00
2395.TW,2025-02-04,357.97625732421875,375.0,397.0,375.0,387.0,4906226,2026-07-21T20:10:35.390320+08:00
2395.TW,2025-02-05,393.7738952636719,412.5,412.5,398.0,398.0,5875543,2026-07-21T20:10:35.390320+08:00
2395.TW,2025-02-06,391.86468505859375,410.5,418.5,408.5,412.5,4024000,2026-07-21T20:10:35.390320+08:00
2395.TW,2025-02-07,392.8193054199219,411.5,425.0,409.5,410.0,2974123,2026-07-21T20:10:35.390320+08:00
2395.TW,2025-02-10,390.43280029296875,409.0,414.5,406.5,411.5,2765870,2026-07-21T20:10:35.390320+08:00
2395.TW,2025-02-11,390.43280029296875,409.0,414.0,406.5,410.0,1549429,2026-07-21T20:10:35.390320+08:00
2395.TW,2025-02-12,389.4781799316406,408.0,411.0,400.0,410.5,1998931,2026-07-21T20:10:35.390320+08:00
2395.TW,2025-02-13,384.2278747558594,402.5,406.0,394.5,403.5,2194569,2026-07-21T20:10:35.390320+08:00
2395.TW,2025-02-14,381.84136962890625,400.0,403.0,395.5,403.0,2259057,2026-07-21T20:10:35.390320+08:00
2395.TW,2025-02-17,383.27325439453125,401.5,402.5,394.5,400.5,1849790,2026-07-21T20:10:35.390320+08:00
2395.TW,2025-02-18,389.0008850097656,407.5,410.0,396.5,400.0,2103751,2026-07-21T20:10:35.390320+08:00
2395.TW,2025-02-19,388.0462951660156,406.5,416.0,402.5,407.5,1792234,2026-07-21T20:10:35.390320+08:00
2395.TW,2025-02-20,396.1604309082031,415.0,418.0,408.0,408.5,2031683,2026-07-21T20:10:35.390320+08:00
2395.TW,2025-02-21,399.02423095703125,418.0,421.5,414.0,420.0,1408786,2026-07-21T20:10:35.390320+08:00
2395.TW,2025-02-24,396.1604309082031,415.0,417.0,410.0,414.5,1319290,2026-07-21T20:10:35.390320+08:00
2395.TW,2025-02-25,387.5690002441406,406.0,418.0,405.0,414.0,1821221,2026-07-21T20:10:35.390320+08:00
2395.TW,2025-02-26,390.91009521484375,409.5,414.0,399.0,402.5,2327173,2026-07-21T20:10:35.390320+08:00
2395.TW,2025-02-27,387.5690002441406,406.0,410.5,404.0,409.5,1455902,2026-07-21T20:10:35.390320+08:00
2395.TW,2025-03-03,382.31866455078125,400.5,404.5,396.0,397.5,2769175,2026-07-21T20:10:35.390320+08:00
2395.TW,2025-03-04,377.5456237792969,395.5,398.0,390.0,395.0,1959758,2026-07-21T20:10:35.390320+08:00
2395.TW,2025-03-05,372.2953186035156,390.0,396.0,388.5,394.0,2813417,2026-07-21T20:10:35.390320+08:00
2395.TW,2025-03-06,390.43280029296875,409.0,413.0,403.5,405.0,2888276,2026-07-21T20:10:35.390320+08:00
2395.TW,2025-03-07,377.0683288574219,395.0,409.0,393.5,409.0,2596841,2026-07-21T20:10:35.390320+08:00
2395.TW,2025-03-10,376.5910339355469,394.5,397.5,392.5,394.5,1670366,2026-07-21T20:10:35.390320+08:00
2395.TW,2025-03-11,377.0683288574219,395.0,397.5,376.5,385.0,2285365,2026-07-21T20:10:35.390320+08:00
2395.TW,2025-03-12,372.7726135253906,390.5,397.0,386.5,397.0,2714131,2026-07-21T20:10:35.390320+08:00
2395.TW,2025-03-13,373.72723388671875,391.5,396.5,388.5,393.0,1494155,2026-07-21T20:10:35.390320+08:00
2395.TW,2025-03-14,364.65850830078125,382.0,395.0,378.5,395.0,2403200,2026-07-21T20:10:35.390320+08:00
2395.TW,2025-03-17,366.09039306640625,383.5,384.0,377.5,380.0,1364237,2026-07-21T20:10:35.390320+08:00
2395.TW,2025-03-18,372.2953186035156,390.0,390.0,384.0,384.5,1525217,2026-07-21T20:10:35.390320+08:00
2395.TW,2025-03-19,369.4315185546875,387.0,391.0,382.0,389.5,1428083,2026-07-21T20:10:35.390320+08:00
2395.TW,2025-03-20,376.1137390136719,394.0,397.0,388.0,388.0,2163255,2026-07-21T20:10:35.390320+08:00
2395.TW,2025-03-21,373.24993896484375,391.0,393.5,389.0,391.0,1752404,2026-07-21T20:10:35.390320+08:00
2395.TW,2025-03-24,372.7726135253906,390.5,402.0,390.5,396.0,1249050,2026-07-21T20:10:35.390320+08:00
2395.TW,2025-03-25,376.1137390136719,394.0,397.0,391.0,394.0,638301,2026-07-21T20:10:35.390320+08:00
2395.TW,2025-03-26,380.4094543457031,398.5,398.5,393.0,394.0,922310,2026-07-21T20:10:35.390320+08:00
2395.TW,2025-03-27,378.02294921875,396.0,397.5,391.5,394.0,685141,2026-07-21T20:10:35.390320+08:00
2395.TW,2025-03-28,370.3861389160156,388.0,397.0,383.0,396.0,894731,2026-07-21T20:10:35.390320+08:00
2395.TW,2025-03-31,357.97625732421875,375.0,382.0,372.5,374.5,1187225,2026-07-21T20:10:35.390320+08:00
2395.TW,2025-04-01,366.56768798828125,384.0,385.5,373.0,375.0,946222,2026-07-21T20:10:35.390320+08:00
2395.TW,2025-04-02,372.2953186035156,390.0,395.0,378.5,382.5,1142284,2026-07-21T20:10:35.390320+08:00
2395.TW,2025-04-07,335.0657958984375,351.0,351.0,351.0,351.0,379732,2026-07-21T20:10:35.390320+08:00
2395.TW,2025-04-08,316.9283447265625,332.0,338.0,321.0,323.0,2755507,2026-07-21T20:10:35.390320+08:00
2395.TW,2025-04-09,291.63134765625,305.5,331.0,299.5,319.5,2117644,2026-07-21T20:10:35.390320+08:00
2395.TW,2025-04-10,320.7467346191406,336.0,336.0,326.5,336.0,1560018,2026-07-21T20:10:35.390320+08:00
2395.TW,2025-04-11,317.8829345703125,333.0,335.0,311.0,312.5,2447076,2026-07-21T20:10:35.390320+08:00
2395.TW,2025-04-14,323.13323974609375,338.5,344.0,331.5,331.5,2233399,2026-07-21T20:10:35.390320+08:00
2395.TW,2025-04-15,330.77008056640625,346.5,347.5,336.0,339.5,1392325,2026-07-21T20:10:35.390320+08:00
2395.TW,2025-04-16,325.519775390625,341.0,342.5,336.5,342.5,1174026,2026-07-21T20:10:35.390320+08:00
2395.TW,2025-04-17,309.29150390625,324.0,336.0,317.5,336.0,1777391,2026-07-21T20:10:35.390320+08:00
2395.TW,2025-04-18,315.4964294433594,330.5,332.0,322.5,324.0,571265,2026-07-21T20:10:35.390320+08:00
2395.TW,2025-04-21,310.24609375,325.0,332.0,322.0,332.0,473020,2026-07-21T20:10:35.390320+08:00
2395.TW,2025-04-22,305.95037841796875,320.5,323.5,317.0,323.0,684199,2026-07-21T20:10:35.390320+08:00
2395.TW,2025-04-23,316.4510498046875,331.5,335.0,327.0,327.0,1377067,2026-07-21T20:10:35.390320+08:00
2395.TW,2025-04-24,312.6325988769531,327.5,332.0,324.5,331.0,851190,2026-07-21T20:10:35.390320+08:00
2395.TW,2025-04-25,317.8829345703125,333.0,341.5,332.0,333.5,1414156,2026-07-21T20:10:35.390320+08:00
2395.TW,2025-04-28,325.519775390625,341.0,342.5,333.0,333.5,881160,2026-07-21T20:10:35.390320+08:00
2395.TW,2025-04-29,329.3381652832031,345.0,347.5,340.5,344.0,1166055,2026-07-21T20:10:35.390320+08:00
2395.TW,2025-04-30,321.7013244628906,337.0,346.0,334.5,343.0,2537752,2026-07-21T20:10:35.390320+08:00
2395.TW,2025-05-02,324.08782958984375,339.5,343.0,333.0,339.0,1229233,2026-07-21T20:10:35.390320+08:00
2395.TW,2025-05-05,323.61053466796875,339.0,345.5,335.5,345.0,1186355,2026-07-21T20:10:35.390320+08:00
2395.TW,2025-05-06,329.3381652832031,345.0,349.0,339.0,345.0,1591035,2026-07-21T20:10:35.390320+08:00
2395.TW,2025-05-07,325.04248046875,340.5,351.0,337.5,351.0,792030,2026-07-21T20:10:35.390320+08:00
2395.TW,2025-05-08,326.95166015625,342.5,345.5,337.0,340.0,947229,2026-07-21T20:10:35.390320+08:00
2395.TW,2025-05-09,325.9970703125,341.5,344.0,338.0,341.5,1046139,2026-07-21T20:10:35.390320+08:00
2395.TW,2025-05-12,331.72467041015625,347.5,349.5,344.5,345.0,991175,2026-07-21T20:10:35.390320+08:00
2395.TW,2025-05-13,331.24737548828125,347.0,359.5,344.5,354.0,1775060,2026-07-21T20:10:35.390320+08:00
2395.TW,2025-05-14,331.24737548828125,347.0,348.0,342.0,345.0,1288225,2026-07-21T20:10:35.390320+08:00
2395.TW,2025-05-15,328.3835754394531,344.0,349.0,344.0,347.5,1193100,2026-07-21T20:10:35.390320+08:00
2395.TW,2025-05-16,329.8154602050781,345.5,349.0,345.5,347.5,649117,2026-07-21T20:10:35.390320+08:00
2395.TW,2025-05-19,328.3835754394531,344.0,350.5,344.0,347.0,1387087,2026-07-21T20:10:35.390320+08:00
2395.TW,2025-05-20,329.3381652832031,345.0,349.0,343.0,349.0,1469852,2026-07-21T20:10:35.390320+08:00
2395.TW,2025-05-21,333.6339111328125,349.5,349.5,344.5,348.0,2623205,2026-07-21T20:10:35.390320+08:00
2395.TW,2025-05-22,327.9062805175781,343.5,348.5,341.5,347.5,1372142,2026-07-21T20:10:35.390320+08:00
2395.TW,2025-05-23,326.95166015625,342.5,347.5,339.5,346.0,1163176,2026-07-21T20:10:35.390320+08:00
2395.TW,2025-05-26,333.1565856933594,349.0,352.0,342.0,342.5,1455095,2026-07-21T20:10:35.390320+08:00
2395.TW,2025-05-27,327.428955078125,343.0,351.5,343.0,348.5,1149038,2026-07-21T20:10:35.390320+08:00
2395.TW,2025-05-28,329.8154602050781,345.5,348.0,341.5,345.0,762050,2026-07-21T20:10:35.390320+08:00
2395.TW,2025-05-29,326.474365234375,342.0,349.0,341.5,347.0,3926317,2026-07-21T20:10:35.390320+08:00
2395.TW,2025-06-02,324.5651550292969,340.0,341.0,334.0,334.0,1222171,2026-07-21T20:10:35.390320+08:00
2395.TW,2025-06-03,327.428955078125,343.0,345.0,340.0,342.0,749013,2026-07-21T20:10:35.390320+08:00
2395.TW,2025-06-04,329.8154602050781,345.5,348.5,341.0,346.5,1381390,2026-07-21T20:10:35.390320+08:00
2395.TW,2025-06-05,333.1565856933594,349.0,351.0,342.5,342.5,831383,2026-07-21T20:10:35.390320+08:00
2395.TW,2025-06-06,324.08782958984375,339.5,348.0,337.0,347.5,1314859,2026-07-21T20:10:35.390320+08:00
2395.TW,2025-06-09,328.8608703613281,344.5,345.0,341.0,341.0,669170,2026-07-21T20:10:35.390320+08:00
2395.TW,2025-06-10,330.29278564453125,346.0,349.0,344.0,346.5,794087,2026-07-21T20:10:35.390320+08:00
2395.TW,2025-06-11,335.5430908203125,351.5,352.0,345.5,345.5,698428,2026-07-21T20:10:35.390320+08:00
2395.TW,2025-06-12,332.20196533203125,348.0,352.0,346.5,348.0,750129,2026-07-21T20:10:35.390320+08:00
2395.TW,2025-06-13,329.3381652832031,345.0,347.0,341.5,344.0,1047799,2026-07-21T20:10:35.390320+08:00
2395.TW,2025-06-16,323.61053466796875,339.0,342.5,336.0,342.5,801216,2026-07-21T20:10:35.390320+08:00
2395.TW,2025-06-17,321.7013244628906,337.0,344.0,336.5,342.5,1183084,2026-07-21T20:10:35.390320+08:00
2395.TW,2025-06-18,324.5651550292969,340.0,340.5,336.5,337.0,679011,2026-07-21T20:10:35.390320+08:00
2395.TW,2025-06-19,317.4056396484375,332.5,337.5,331.5,337.0,1251214,2026-07-21T20:10:35.390320+08:00
2395.TW,2025-06-20,314.54180908203125,329.5,333.5,327.0,331.5,868190,2026-07-21T20:10:35.390320+08:00
2395.TW,2025-06-23,312.6325988769531,327.5,329.0,322.5,325.0,913005,2026-07-21T20:10:35.390320+08:00
2395.TW,2025-06-24,318.3602294921875,333.5,336.0,331.5,334.0,667236,2026-07-21T20:10:35.390320+08:00
2395.TW,2025-06-25,319.3148498535156,334.5,337.5,334.0,335.5,699015,2026-07-21T20:10:35.390320+08:00
2395.TW,2025-06-26,321.2240295410156,336.5,341.5,334.5,336.5,736021,2026-07-21T20:10:35.390320+08:00
2395.TW,2025-06-27,324.08782958984375,339.5,340.0,336.0,339.5,886220,2026-07-21T20:10:35.390320+08:00
2395.TW,2025-06-30,324.5651550292969,340.0,341.5,336.0,339.5,797108,2026-07-21T20:10:35.390320+08:00
2395.TW,2025-07-01,324.5651550292969,340.0,344.0,339.0,339.0,1034795,2026-07-21T20:10:35.390320+08:00
2395.TW,2025-07-02,322.65594482421875,338.0,343.0,338.0,339.0,686046,2026-07-21T20:10:35.390320+08:00
2395.TW,2025-07-03,327.428955078125,343.0,344.0,339.0,339.5,766035,2026-07-21T20:10:35.390320+08:00
2395.TW,2025-07-04,328.3835754394531,344.0,346.0,341.5,343.5,640580,2026-07-21T20:10:35.390320+08:00
2395.TW,2025-07-07,324.08782958984375,339.5,348.0,339.5,348.0,610251,2026-07-21T20:10:35.390320+08:00
2395.TW,2025-07-08,325.04248046875,340.5,341.5,335.5,339.5,1002060,2026-07-21T20:10:35.390320+08:00
2395.TW,2025-07-09,326.474365234375,342.0,343.5,337.0,337.0,969200,2026-07-21T20:10:35.390320+08:00
2395.TW,2025-07-10,329.8154602050781,345.5,347.0,342.0,342.0,993230,2026-07-21T20:10:35.390320+08:00
2395.TW,2025-07-11,332.67926025390625,348.5,351.0,346.0,348.0,1116067,2026-07-21T20:10:35.390320+08:00
2395.TW,2025-07-14,326.474365234375,342.0,352.0,342.0,352.0,587006,2026-07-21T20:10:35.390320+08:00
2395.TW,2025-07-15,322.17864990234375,337.5,343.0,337.0,342.0,790898,2026-07-21T20:10:35.390320+08:00
2395.TW,2025-07-16,322.17864990234375,337.5,341.0,336.5,337.5,1101060,2026-07-21T20:10:35.390320+08:00
2395.TW,2025-07-17,324.03118896484375,331.0,332.5,328.0,329.0,752373,2026-07-21T20:10:35.390320+08:00
2395.TW,2025-07-18,326.968017578125,334.0,339.0,333.0,335.0,863109,2026-07-21T20:10:35.390320+08:00
2395.TW,2025-07-21,333.3311767578125,340.5,343.5,334.5,336.0,882028,2026-07-21T20:10:35.390320+08:00
2395.TW,2025-07-22,327.4574890136719,334.5,344.5,333.5,341.0,731396,2026-07-21T20:10:35.390320+08:00
2395.TW,2025-07-23,331.86273193359375,339.0,341.0,336.5,339.0,968064,2026-07-21T20:10:35.390320+08:00
2395.TW,2025-07-24,330.8837890625,338.0,340.0,337.0,340.0,621319,2026-07-21T20:10:35.390320+08:00
2395.TW,2025-07-25,333.8206481933594,341.0,346.5,338.0,339.0,878236,2026-07-21T20:10:35.390320+08:00
2395.TW,2025-07-28,332.8417053222656,340.0,343.5,339.0,342.0,1071306,2026-07-21T20:10:35.390320+08:00
2395.TW,2025-07-29,325.98907470703125,333.0,342.0,332.5,342.0,842879,2026-07-21T20:10:35.390320+08:00
2395.TW,2025-07-30,331.86273193359375,339.0,339.5,335.0,338.0,898395,2026-07-21T20:10:35.390320+08:00
2395.TW,2025-07-31,328.4364318847656,335.5,340.0,334.5,338.0,719209,2026-07-21T20:10:35.390320+08:00
2395.TW,2025-08-04,316.1996154785156,323.0,325.5,312.5,316.0,2007017,2026-07-21T20:10:35.390320+08:00
2395.TW,2025-08-05,321.0943298339844,328.0,329.5,318.5,324.0,2699050,2026-07-21T20:10:35.390320+08:00
2395.TW,2025-08-06,318.64697265625,325.5,328.0,322.0,326.0,2210041,2026-07-21T20:10:35.390320+08:00
2395.TW,2025-08-07,322.0732727050781,329.0,333.0,327.0,328.5,3374301,2026-07-21T20:10:35.390320+08:00
2395.TW,2025-08-08,315.2206726074219,322.0,331.5,322.0,329.0,3088466,2026-07-21T20:10:35.390320+08:00
2395.TW,2025-08-11,312.2838134765625,319.0,325.5,316.0,325.0,4119118,2026-07-21T20:10:35.390320+08:00
2395.TW,2025-08-12,312.2838134765625,319.0,321.5,317.0,319.0,2088291,2026-07-21T20:10:35.390320+08:00
2395.TW,2025-08-13,308.8575134277344,315.5,324.0,314.5,322.0,2140834,2026-07-21T20:10:35.390320+08:00
2395.TW,2025-08-14,308.3680419921875,315.0,318.5,314.5,318.5,3074154,2026-07-21T20:10:35.390320+08:00
2395.TW,2025-08-15,311.30487060546875,318.0,319.0,313.5,315.0,1644077,2026-07-21T20:10:35.390320+08:00
2395.TW,2025-08-18,308.3680419921875,315.0,321.5,314.5,318.0,1807515,2026-07-21T20:10:35.390320+08:00
2395.TW,2025-08-19,308.8575134277344,315.5,317.0,314.0,315.0,1990905,2026-07-21T20:10:35.390320+08:00
2395.TW,2025-08-20,303.4732971191406,310.0,317.0,310.0,315.5,2003424,2026-07-21T20:10:35.390320+08:00
2395.TW,2025-08-21,308.3680419921875,315.0,317.5,313.5,315.0,1368074,2026-07-21T20:10:35.390320+08:00
2395.TW,2025-08-22,308.3680419921875,315.0,317.5,311.0,314.5,1341116,2026-07-21T20:10:35.390320+08:00
2395.TW,2025-08-25,312.2838134765625,319.0,322.5,317.0,318.5,1404101,2026-07-21T20:10:35.390320+08:00
2395.TW,2025-08-26,315.2206726074219,322.0,328.0,319.5,322.0,4315413,2026-07-21T20:10:35.390320+08:00
2395.TW,2025-08-27,346.54693603515625,354.0,354.0,338.0,338.0,7075397,2026-07-21T20:10:35.390320+08:00
2395.TW,2025-08-28,347.0364074707031,354.5,377.0,354.0,364.5,13687633,2026-07-21T20:10:35.390320+08:00
2395.TW,2025-08-29,336.7574768066406,344.0,360.5,344.0,358.5,6222483,2026-07-21T20:10:35.390320+08:00
2395.TW,2025-09-01,336.7574768066406,344.0,356.0,344.0,348.0,4598428,2026-07-21T20:10:35.390320+08:00
2395.TW,2025-09-02,330.3943176269531,337.5,348.0,335.5,347.0,2262773,2026-07-21T20:10:35.390320+08:00
2395.TW,2025-09-03,329.4153747558594,336.5,341.0,336.0,337.0,1888035,2026-07-21T20:10:35.390320+08:00
2395.TW,2025-09-04,326.4785461425781,333.5,339.5,333.5,335.5,2083359,2026-07-21T20:10:35.390320+08:00
2395.TW,2025-09-05,333.8206481933594,341.0,342.5,335.0,335.5,1323751,2026-07-21T20:10:35.390320+08:00
2395.TW,2025-09-08,330.8837890625,338.0,345.0,337.0,343.0,1513685,2026-07-21T20:10:35.390320+08:00
2395.TW,2025-09-09,333.3311767578125,340.5,342.0,337.0,341.0,1632661,2026-07-21T20:10:35.390320+08:00
2395.TW,2025-09-10,343.610107421875,351.0,353.5,341.0,341.0,2665401,2026-07-21T20:10:35.390320+08:00
2395.TW,2025-09-11,336.7574768066406,344.0,354.5,344.0,352.5,2359262,2026-07-21T20:10:35.390320+08:00
2395.TW,2025-09-12,336.7574768066406,344.0,348.0,344.0,344.5,1732605,2026-07-21T20:10:35.390320+08:00
2395.TW,2025-09-15,329.90484619140625,337.0,344.0,335.0,344.0,1445554,2026-07-21T20:10:35.390320+08:00
2395.TW,2025-09-16,327.94696044921875,335.0,338.0,334.5,337.0,1582736,2026-07-21T20:10:35.390320+08:00
2395.TW,2025-09-17,317.1785583496094,324.0,332.5,324.0,329.5,2279863,2026-07-21T20:10:35.390320+08:00
2395.TW,2025-09-18,319.1364440917969,326.0,331.5,320.0,320.0,3141523,2026-07-21T20:10:35.390320+08:00
2395.TW,2025-09-19,317.1785583496094,324.0,329.0,321.5,329.0,4050425,2026-07-21T20:10:35.390320+08:00
2395.TW,2025-09-22,318.1575012207031,325.0,329.5,324.5,324.5,1814289,2026-07-21T20:10:35.390320+08:00
2395.TW,2025-09-23,320.6048583984375,327.5,333.5,326.0,329.5,1560247,2026-07-21T20:10:35.390320+08:00
2395.TW,2025-09-24,320.1153869628906,327.0,329.5,325.0,327.5,1181130,2026-07-21T20:10:35.390320+08:00
2395.TW,2025-09-25,314.24169921875,321.0,324.5,321.0,324.0,1773040,2026-07-21T20:10:35.390320+08:00
2395.TW,2025-09-26,309.8364562988281,316.5,322.0,314.0,322.0,2208426,2026-07-21T20:10:35.390320+08:00
2395.TW,2025-09-30,312.2838134765625,319.0,324.5,317.5,318.5,2200000,2026-07-21T20:10:35.390320+08:00
2395.TW,2025-10-01,311.30487060546875,318.0,322.0,315.0,315.0,1284113,2026-07-21T20:10:35.390320+08:00
2395.TW,2025-10-02,310.325927734375,317.0,321.5,316.5,321.0,819514,2026-07-21T20:10:35.390320+08:00
2395.TW,2025-10-03,312.2838134765625,319.0,320.0,316.0,317.0,1154495,2026-07-21T20:10:35.390320+08:00
2395.TW,2025-10-07,316.1996154785156,323.0,324.5,319.0,319.0,1922625,2026-07-21T20:10:35.390320+08:00
2395.TW,2025-10-08,319.1364440917969,326.0,327.5,321.0,323.0,1684420,2026-07-21T20:10:35.390320+08:00
2395.TW,2025-10-09,319.62591552734375,326.5,332.0,325.0,330.0,2344722,2026-07-21T20:10:35.390320+08:00
2395.TW,2025-10-13,313.7522277832031,320.5,322.0,312.5,317.0,2012410,2026-07-21T20:10:35.390320+08:00
2395.TW,2025-10-14,311.7943420410156,318.5,331.0,318.5,323.0,2095434,2026-07-21T20:10:35.390320+08:00
2395.TW,2025-10-15,316.6890869140625,323.5,324.0,319.5,320.5,1319350,2026-07-21T20:10:35.390320+08:00
2395.TW,2025-10-16,319.62591552734375,326.5,329.5,324.5,325.5,1149061,2026-07-21T20:10:35.390320+08:00
2395.TW,2025-10-17,318.1575012207031,325.0,328.0,323.5,323.5,962176,2026-07-21T20:10:35.390320+08:00
2395.TW,2025-10-20,315.2206726074219,322.0,330.5,321.5,329.5,1631396,2026-07-21T20:10:35.390320+08:00
2395.TW,2025-10-21,318.1575012207031,325.0,326.0,320.5,324.0,1830771,2026-07-21T20:10:35.390320+08:00
2395.TW,2025-10-22,319.62591552734375,326.5,327.5,324.0,325.5,969314,2026-07-21T20:10:35.390320+08:00
2395.TW,2025-10-23,316.6890869140625,323.5,325.0,321.0,325.0,535567,2026-07-21T20:10:35.390320+08:00
2395.TW,2025-10-27,318.1575012207031,325.0,327.5,320.0,327.5,1701754,2026-07-21T20:10:35.390320+08:00
2395.TW,2025-10-28,321.58380126953125,328.5,334.5,328.0,328.5,2443800,2026-07-21T20:10:35.390320+08:00
2395.TW,2025-10-29,323.5417175292969,330.5,332.5,328.5,331.5,1355850,2026-07-21T20:10:35.390320+08:00
2395.TW,2025-10-30,318.1575012207031,325.0,334.5,323.5,331.5,1517841,2026-07-21T20:10:35.390320+08:00
2395.TW,2025-10-31,306.8996276855469,313.5,326.0,313.0,325.0,3967536,2026-07-21T20:10:35.390320+08:00
2395.TW,2025-11-03,309.8364562988281,316.5,318.0,310.0,310.0,2127943,2026-07-21T20:10:35.390320+08:00
2395.TW,2025-11-04,302.4943542480469,309.0,318.5,309.0,315.0,2411582,2026-07-21T20:10:35.390320+08:00
2395.TW,2025-11-05,301.5154113769531,308.0,309.5,302.5,305.0,1976447,2026-07-21T20:10:35.390320+08:00
2395.TW,2025-11-06,305.9206848144531,312.5,315.5,307.0,312.0,2143113,2026-07-21T20:10:35.390320+08:00
2395.TW,2025-11-07,297.11016845703125,303.5,314.0,303.5,311.5,2341763,2026-07-21T20:10:35.390320+08:00
2395.TW,2025-11-10,293.683837890625,300.0,304.5,300.0,304.0,1329038,2026-07-21T20:10:35.390320+08:00
2395.TW,2025-11-11,291.7259521484375,298.0,303.5,298.0,302.0,1442590,2026-07-21T20:10:35.390320+08:00
2395.TW,2025-11-12,291.7259521484375,298.0,301.5,298.0,300.5,1278668,2026-07-21T20:10:35.390320+08:00
2395.TW,2025-11-13,288.78912353515625,295.0,296.5,291.0,296.0,2098889,2026-07-21T20:10:35.390320+08:00
2395.TW,2025-11-14,284.38385009765625,290.5,295.0,289.0,291.0,1874894,2026-07-21T20:10:35.390320+08:00
2395.TW,2025-11-17,286.8312072753906,293.0,296.0,290.5,292.5,2350389,2026-07-21T20:10:35.390320+08:00
2395.TW,2025-11-18,275.0838623046875,281.0,290.5,281.0,289.0,3023581,2026-07-21T20:10:35.390320+08:00
2395.TW,2025-11-19,270.6786193847656,276.5,284.0,276.0,283.0,2736834,2026-07-21T20:10:35.390320+08:00
2395.TW,2025-11-20,274.10491943359375,280.0,283.5,277.5,282.0,2755623,2026-07-21T20:10:35.390320+08:00
2395.TW,2025-11-21,275.5733337402344,281.5,287.5,273.0,273.5,3118406,2026-07-21T20:10:35.390320+08:00
2395.TW,2025-11-24,280.9575500488281,287.0,291.0,280.0,283.0,5467614,2026-07-21T20:10:35.390320+08:00
2395.TW,2025-11-25,278.9996643066406,285.0,289.0,283.0,287.0,2167400,2026-07-21T20:10:35.390320+08:00
2395.TW,2025-11-26,283.4049072265625,289.5,289.5,284.0,284.0,1775428,2026-07-21T20:10:35.390320+08:00
2395.TW,2025-11-27,281.9364929199219,288.0,291.5,286.5,288.0,2022337,2026-07-21T20:10:35.390320+08:00
2395.TW,2025-11-28,281.9364929199219,288.0,290.0,285.0,287.0,1460983,2026-07-21T20:10:35.390320+08:00
2395.TW,2025-12-01,281.9364929199219,288.0,295.0,288.0,290.5,1602190,2026-07-21T20:10:35.390320+08:00
2395.TW,2025-12-02,280.9575500488281,287.0,290.0,285.0,290.0,1289411,2026-07-21T20:10:35.390320+08:00
2395.TW,2025-12-03,281.447021484375,287.5,291.0,287.5,290.0,1153450,2026-07-21T20:10:35.390320+08:00
2395.TW,2025-12-04,283.8943786621094,290.0,292.0,288.0,288.0,899653,2026-07-21T20:10:35.390320+08:00
2395.TW,2025-12-05,280.9575500488281,287.0,291.5,285.0,291.0,1375390,2026-07-21T20:10:35.390320+08:00
2395.TW,2025-12-08,279.9786071777344,286.0,289.0,285.0,289.0,906627,2026-07-21T20:10:35.390320+08:00
2395.TW,2025-12-09,278.51019287109375,284.5,290.0,282.0,289.0,1415040,2026-07-21T20:10:35.390320+08:00
2395.TW,2025-12-10,276.5522766113281,282.5,284.0,280.5,282.0,1457330,2026-07-21T20:10:35.390320+08:00
2395.TW,2025-12-11,275.5733337402344,281.5,285.0,281.5,284.5,1415514,2026-07-21T20:10:35.390320+08:00
2395.TW,2025-12-12,274.10491943359375,280.0,284.0,279.0,284.0,1567126,2026-07-21T20:10:35.390320+08:00
2395.TW,2025-12-15,270.6786193847656,276.5,279.5,272.5,275.5,1635789,2026-07-21T20:10:35.390320+08:00
2395.TW,2025-12-16,268.2312316894531,274.0,278.5,272.0,275.0,2495325,2026-07-21T20:10:35.390320+08:00
2395.TW,2025-12-17,267.74176025390625,273.5,276.5,273.5,274.0,1582523,2026-07-21T20:10:35.390320+08:00
2395.TW,2025-12-18,269.210205078125,275.0,276.0,271.0,272.0,1341705,2026-07-21T20:10:35.390320+08:00
2395.TW,2025-12-19,276.5522766113281,282.5,282.5,274.5,274.5,2466838,2026-07-21T20:10:35.390320+08:00
2395.TW,2025-12-22,277.041748046875,283.0,284.5,280.0,284.0,846552,2026-07-21T20:10:35.390320+08:00
2395.TW,2025-12-23,278.51019287109375,284.5,286.5,283.0,283.0,1135354,2026-07-21T20:10:35.390320+08:00
2395.TW,2025-12-24,279.9786071777344,286.0,292.0,286.0,286.5,1186144,2026-07-21T20:10:35.390320+08:00
2395.TW,2025-12-26,278.51019287109375,284.5,288.0,283.5,287.5,622373,2026-07-21T20:10:35.390320+08:00
2395.TW,2025-12-29,280.46807861328125,286.5,288.0,284.0,285.0,562473,2026-07-21T20:10:35.390320+08:00
2395.TW,2025-12-30,280.9575500488281,287.0,289.0,284.0,285.0,923417,2026-07-21T20:10:35.390320+08:00
2395.TW,2025-12-31,281.9364929199219,288.0,290.5,286.0,289.5,825963,2026-07-21T20:10:35.390320+08:00
2395.TW,2026-01-02,280.46807861328125,286.5,294.5,285.0,291.0,1544657,2026-07-21T20:10:35.390320+08:00
2395.TW,2026-01-05,283.4049072265625,289.5,292.0,287.5,290.0,1411494,2026-07-21T20:10:35.390320+08:00
2395.TW,2026-01-06,281.9364929199219,288.0,291.5,285.5,291.5,1565860,2026-07-21T20:10:35.390320+08:00
2395.TW,2026-01-07,282.42596435546875,288.5,294.0,288.0,288.5,1510315,2026-07-21T20:10:35.390320+08:00
2395.TW,2026-01-08,279.4891357421875,285.5,292.0,285.0,291.5,1388109,2026-07-21T20:10:35.390320+08:00
2395.TW,2026-01-09,282.42596435546875,288.5,291.0,285.0,286.5,1775549,2026-07-21T20:10:35.390320+08:00
2395.TW,2026-01-12,281.9364929199219,288.0,293.5,286.0,293.5,1330246,2026-07-21T20:10:35.390320+08:00
2395.TW,2026-01-13,280.9575500488281,287.0,292.5,285.0,291.5,1717450,2026-07-21T20:10:35.390320+08:00
2395.TW,2026-01-14,286.34173583984375,292.5,294.0,288.0,290.0,1817025,2026-07-21T20:10:35.390320+08:00
2395.TW,2026-01-15,281.447021484375,287.5,296.5,286.5,293.5,2157091,2026-07-21T20:10:35.390320+08:00
2395.TW,2026-01-16,281.447021484375,287.5,290.5,286.0,289.5,1703675,2026-07-21T20:10:35.390320+08:00
2395.TW,2026-01-19,280.9575500488281,287.0,290.5,285.0,287.5,2079657,2026-07-21T20:10:35.390320+08:00
2395.TW,2026-01-20,274.10491943359375,280.0,287.0,278.5,286.0,3486384,2026-07-21T20:10:35.390320+08:00
2395.TW,2026-01-21,269.210205078125,275.0,278.0,274.5,276.5,3187631,2026-07-21T20:10:35.390320+08:00
2395.TW,2026-01-22,279.4891357421875,285.5,285.5,277.5,279.5,2156038,2026-07-21T20:10:35.390320+08:00
2395.TW,2026-01-23,281.9364929199219,288.0,289.5,283.0,286.0,2155831,2026-07-21T20:10:35.390320+08:00
2395.TW,2026-01-26,282.42596435546875,288.5,290.5,286.0,289.0,1448133,2026-07-21T20:10:35.390320+08:00
2395.TW,2026-01-27,284.38385009765625,290.5,293.0,287.0,290.0,1766578,2026-07-21T20:10:35.390320+08:00
2395.TW,2026-01-28,292.2154235839844,298.5,300.0,290.5,291.5,3295870,2026-07-21T20:10:35.390320+08:00
2395.TW,2026-01-29,298.5785827636719,305.0,309.0,291.0,308.0,5371179,2026-07-21T20:10:35.390320+08:00
2395.TW,2026-01-30,293.1943664550781,299.5,304.0,293.0,301.0,5024830,2026-07-21T20:10:35.390320+08:00
2395.TW,2026-02-02,285.36279296875,291.5,303.0,290.5,300.5,3937216,2026-07-21T20:10:35.390320+08:00
2395.TW,2026-02-03,283.8943786621094,290.0,296.0,288.0,296.0,2414907,2026-07-21T20:10:35.390320+08:00
2395.TW,2026-02-04,281.447021484375,287.5,291.5,287.5,288.0,1450474,2026-07-21T20:10:35.390320+08:00
2395.TW,2026-02-05,281.447021484375,287.5,293.0,285.5,286.5,1325442,2026-07-21T20:10:35.390320+08:00
2395.TW,2026-02-06,281.447021484375,287.5,288.0,283.0,287.5,1706476,2026-07-21T20:10:35.390320+08:00
2395.TW,2026-02-09,284.8733215332031,291.0,302.0,290.0,298.0,2397381,2026-07-21T20:10:35.390320+08:00
2395.TW,2026-02-10,291.2364807128906,297.5,297.5,290.5,291.5,2298698,2026-07-21T20:10:35.390320+08:00
2395.TW,2026-02-11,298.5785827636719,305.0,307.0,299.5,300.0,4158801,2026-07-21T20:10:35.390320+08:00
2395.TW,2026-02-23,308.3680419921875,315.0,324.0,310.0,320.0,5361079,2026-07-21T20:10:35.390320+08:00
2395.TW,2026-02-24,317.1785583496094,324.0,324.5,311.5,314.0,4716365,2026-07-21T20:10:35.390320+08:00
2395.TW,2026-02-25,325.98907470703125,333.0,334.0,324.5,325.0,4988133,2026-07-21T20:10:35.390320+08:00
2395.TW,2026-02-26,329.4153747558594,336.5,336.5,325.5,332.0,5612505,2026-07-21T20:10:35.390320+08:00
2395.TW,2026-03-02,329.4153747558594,336.5,342.5,331.0,340.0,5610472,2026-07-21T20:10:35.390320+08:00
2395.TW,2026-03-03,323.0522155761719,330.0,338.5,326.0,336.5,4126562,2026-07-21T20:10:35.390320+08:00
2395.TW,2026-03-04,304.94171142578125,311.5,325.0,311.5,324.5,4227254,2026-07-21T20:10:35.390320+08:00
2395.TW,2026-03-05,335.2890625,342.5,342.5,334.0,335.5,6560205,2026-07-21T20:10:35.390320+08:00
2395.TW,2026-03-06,367.10479736328125,375.0,376.5,344.5,349.0,19650666,2026-07-21T20:10:35.390320+08:00
2395.TW,2026-03-09,339.6943054199219,347.0,367.0,343.0,346.0,8175020,2026-07-21T20:10:35.390320+08:00
2395.TW,2026-03-10,338.22589111328125,345.5,362.5,338.5,355.0,6814809,2026-07-21T20:10:35.390320+08:00
2395.TW,2026-03-11,338.7153625488281,346.0,353.5,342.5,352.5,3475370,2026-07-21T20:10:35.390320+08:00
2395.TW,2026-03-12,337.7364196777344,345.0,346.0,337.0,344.0,2640972,2026-07-21T20:10:35.390320+08:00
2395.TW,2026-03-13,335.2890625,342.5,344.0,336.5,340.0,2181081,2026-07-21T20:10:35.390320+08:00
2395.TW,2026-03-16,332.8417053222656,340.0,352.5,337.5,348.0,2798412,2026-07-21T20:10:35.390320+08:00
2395.TW,2026-03-17,340.6732482910156,348.0,350.0,342.5,345.5,2412146,2026-07-21T20:10:35.390320+08:00
2395.TW,2026-03-18,341.6521911621094,349.0,354.0,346.0,352.0,2370683,2026-07-21T20:10:35.390320+08:00
2395.TW,2026-03-19,334.7995910644531,342.0,345.0,339.0,344.0,1726960,2026-07-21T20:10:35.390320+08:00
2395.TW,2026-03-20,336.7574768066406,344.0,345.5,338.0,340.5,4042266,2026-07-21T20:10:35.390320+08:00
2395.TW,2026-03-23,323.0522155761719,330.0,339.5,330.0,336.5,2506309,2026-07-21T20:10:35.390320+08:00
2395.TW,2026-03-24,323.0522155761719,330.0,337.0,328.0,335.0,1548815,2026-07-21T20:10:35.390320+08:00
2395.TW,2026-03-25,326.4785461425781,333.5,337.5,332.0,337.0,1458137,2026-07-21T20:10:35.390320+08:00
2395.TW,2026-03-26,331.86273193359375,339.0,346.5,335.5,336.0,3064529,2026-07-21T20:10:35.390320+08:00
2395.TW,2026-03-27,325.4996032714844,332.5,336.0,329.0,333.5,1673008,2026-07-21T20:10:35.390320+08:00
2395.TW,2026-03-30,314.731201171875,321.5,328.5,321.5,323.0,2109703,2026-07-21T20:10:35.390320+08:00
2395.TW,2026-03-31,311.7943420410156,318.5,324.0,313.5,319.5,3987438,2026-07-21T20:10:35.390320+08:00
2395.TW,2026-04-01,324.03118896484375,331.0,334.0,328.0,328.5,1893704,2026-07-21T20:10:35.390320+08:00
2395.TW,2026-04-02,316.6890869140625,323.5,334.0,317.0,334.0,1977533,2026-07-21T20:10:35.390320+08:00
2395.TW,2026-04-07,315.71014404296875,322.5,325.5,318.5,321.5,1294226,2026-07-21T20:10:35.390320+08:00
2395.TW,2026-04-08,341.1627197265625,348.5,351.5,335.0,339.0,3399281,2026-07-21T20:10:35.390320+08:00
2395.TW,2026-04-09,340.6732482910156,348.0,353.5,345.0,350.0,2730479,2026-07-21T20:10:35.390320+08:00
2395.TW,2026-04-10,338.7153625488281,346.0,356.0,343.5,350.0,2518507,2026-07-21T20:10:35.390320+08:00
2395.TW,2026-04-13,335.2890625,342.5,346.5,339.5,345.0,2003492,2026-07-21T20:10:35.390320+08:00
2395.TW,2026-04-14,336.7574768066406,344.0,349.5,342.5,346.0,2364556,2026-07-21T20:10:35.390320+08:00
2395.TW,2026-04-15,340.6732482910156,348.0,351.5,345.5,350.0,2762323,2026-07-21T20:10:35.390320+08:00
2395.TW,2026-04-16,347.52587890625,355.0,362.0,351.5,353.0,3860794,2026-07-21T20:10:35.390320+08:00
2395.TW,2026-04-17,358.2942810058594,366.0,372.0,359.5,360.0,5202968,2026-07-21T20:10:35.390320+08:00
2395.TW,2026-04-20,355.846923828125,363.5,376.5,363.0,375.0,3272327,2026-07-21T20:10:35.390320+08:00
2395.TW,2026-04-21,356.82586669921875,364.5,368.0,355.5,368.0,2424904,2026-07-21T20:10:35.390320+08:00
2395.TW,2026-04-22,353.3995666503906,361.0,366.0,361.0,363.0,2442936,2026-07-21T20:10:35.390320+08:00
2395.TW,2026-04-23,348.9942932128906,356.5,370.0,348.0,361.5,2578943,2026-07-21T20:10:35.390320+08:00
2395.TW,2026-04-24,346.54693603515625,354.0,358.0,349.0,357.0,1789320,2026-07-21T20:10:35.390320+08:00
2395.TW,2026-04-27,355.3574523925781,363.0,367.0,356.5,356.5,3718045,2026-07-21T20:10:35.390320+08:00
2395.TW,2026-04-28,359.2732238769531,367.0,376.0,364.5,370.0,3548947,2026-07-21T20:10:35.390320+08:00
2395.TW,2026-04-29,358.2942810058594,366.0,371.0,363.0,370.0,2107567,2026-07-21T20:10:35.390320+08:00
2395.TW,2026-04-30,351.93115234375,359.5,369.5,357.5,367.0,3000131,2026-07-21T20:10:35.390320+08:00
2395.TW,2026-05-04,386.6837158203125,395.0,395.0,364.5,369.0,8213039,2026-07-21T20:10:35.390320+08:00
2395.TW,2026-05-05,388.15216064453125,396.5,403.5,388.0,391.0,5125857,2026-07-21T20:10:35.390320+08:00
2395.TW,2026-05-06,400.8784484863281,409.5,415.0,399.0,400.5,6028364,2026-07-21T20:10:35.390320+08:00
2395.TW,2026-05-07,434.652099609375,444.0,450.0,423.5,445.0,8937078,2026-07-21T20:10:35.390320+08:00
2395.TW,2026-05-08,466.46783447265625,476.5,488.0,449.5,450.0,10182805,2026-07-21T20:10:35.390320+08:00
2395.TW,2026-05-11,468.42572021484375,478.5,486.0,463.0,483.0,4711853,2026-07-21T20:10:35.390320+08:00
2395.TW,2026-05-12,484.0888671875,494.5,500.0,484.0,487.0,6022324,2026-07-21T20:10:35.390320+08:00
2395.TW,2026-05-13,454.7204895019531,464.5,480.5,459.5,477.5,4735378,2026-07-21T20:10:35.390320+08:00
2395.TW,2026-05-14,455.2099609375,465.0,471.0,456.5,461.0,4785099,2026-07-21T20:10:35.390320+08:00
2395.TW,2026-05-15,449.82574462890625,459.5,494.5,458.5,480.5,4787813,2026-07-21T20:10:35.390320+08:00
2395.TW,2026-05-18,447.86785888671875,457.5,462.0,439.0,451.0,4058406,2026-07-21T20:10:35.390320+08:00
2395.TW,2026-05-19,451.7836608886719,461.5,477.0,457.5,463.0,4076492,2026-07-21T20:10:35.390320+08:00
2395.TW,2026-05-20,455.2099609375,465.0,471.0,457.5,462.0,3170536,2026-07-21T20:10:35.390320+08:00
2395.TW,2026-05-21,453.7415466308594,463.5,479.5,462.0,475.0,3830651,2026-07-21T20:10:35.390320+08:00
2395.TW,2026-05-22,459.125732421875,469.0,472.5,458.5,467.0,4918895,2026-07-21T20:10:35.390320+08:00
2395.TW,2026-05-25,488.0046691894531,498.5,510.0,490.5,499.0,4904573,2026-07-21T20:10:35.390320+08:00
2395.TW,2026-05-26,499.2625427246094,510.0,511.0,485.5,498.5,3966779,2026-07-21T20:10:35.390320+08:00
2395.TW,2026-05-27,498.2835998535156,509.0,530.0,503.0,507.0,4387171,2026-07-21T20:10:35.390320+08:00
2395.TW,2026-05-28,480.173095703125,490.5,523.0,488.5,509.0,4424284,2026-07-21T20:10:35.390320+08:00
2395.TW,2026-05-29,484.5783386230469,495.0,515.0,492.0,496.0,10455019,2026-07-21T20:10:35.390320+08:00
2395.TW,2026-06-01,506.11517333984375,517.0,525.0,505.0,505.0,3675896,2026-07-21T20:10:35.390320+08:00
2395.TW,2026-06-02,504.1572570800781,515.0,530.0,508.0,520.0,6557151,2026-07-21T20:10:35.390320+08:00
2395.TW,2026-06-03,502.1993713378906,513.0,520.0,500.0,519.0,3909258,2026-07-21T20:10:35.390320+08:00
2395.TW,2026-06-04,511.0098876953125,522.0,539.0,508.0,509.0,4793492,2026-07-21T20:10:35.390320+08:00
2395.TW,2026-06-05,485.5572814941406,496.0,515.0,493.0,511.0,5052018,2026-07-21T20:10:35.390320+08:00
2395.TW,2026-06-08,461.0836486816406,471.0,474.5,456.0,456.0,3589170,2026-07-21T20:10:35.390320+08:00
2395.TW,2026-06-09,479.19415283203125,489.5,492.0,473.5,473.5,3977036,2026-07-21T20:10:35.390320+08:00
2395.TW,2026-06-10,455.6994323730469,465.5,493.0,462.0,485.0,3575018,2026-07-21T20:10:35.390320+08:00
2395.TW,2026-06-11,454.23101806640625,464.0,467.0,449.0,456.0,4065543,2026-07-21T20:10:35.390320+08:00
2395.TW,2026-06-12,463.0415344238281,473.0,481.0,469.5,475.0,1121659,2026-07-21T20:10:35.390320+08:00
2395.TW,2026-06-15,474.78887939453125,485.0,494.0,480.5,486.0,1899551,2026-07-21T20:10:35.390320+08:00
2395.TW,2026-06-16,469.8941650390625,480.0,493.0,475.0,493.0,1630200,2026-07-21T20:10:35.390320+08:00
2395.TW,2026-06-17,478.2151794433594,488.5,488.5,470.5,472.0,1678007,2026-07-21T20:10:35.390320+08:00
2395.TW,2026-06-18,483.5993957519531,494.0,504.0,490.0,494.5,4214524,2026-07-21T20:10:35.390320+08:00
2395.TW,2026-06-22,488.9836120605469,499.5,511.0,494.5,501.0,2926955,2026-07-21T20:10:35.390320+08:00
2395.TW,2026-06-23,477.2362365722656,487.5,505.0,483.0,505.0,2129118,2026-07-21T20:10:35.390320+08:00
2395.TW,2026-06-24,463.531005859375,473.5,483.5,466.0,477.5,2689388,2026-07-21T20:10:35.390320+08:00
2395.TW,2026-06-25,469.8941650390625,480.0,485.0,472.0,482.0,1371307,2026-07-21T20:10:35.390320+08:00
2395.TW,2026-06-26,445.90997314453125,455.5,469.5,453.0,469.5,2341382,2026-07-21T20:10:35.390320+08:00
2395.TW,2026-06-29,462.55206298828125,472.5,486.0,457.5,463.0,3910401,2026-07-21T20:10:35.390320+08:00
2395.TW,2026-06-30,481.6415100097656,492.0,495.5,477.0,481.0,2590529,2026-07-21T20:10:35.390320+08:00
2395.TW,2026-07-01,492.409912109375,503.0,507.0,493.0,504.0,2509292,2026-07-21T20:10:35.390320+08:00
2395.TW,2026-07-02,499.2625427246094,510.0,511.0,493.5,493.5,1871742,2026-07-21T20:10:35.390320+08:00
2395.TW,2026-07-03,510.03094482421875,521.0,522.0,498.5,498.5,1954527,2026-07-21T20:10:35.390320+08:00
2395.TW,2026-07-06,504.1572570800781,515.0,528.0,506.0,523.0,1459304,2026-07-21T20:10:35.390320+08:00
2395.TW,2026-07-07,486.0467529296875,496.5,522.0,493.0,519.0,1786365,2026-07-21T20:10:35.390320+08:00
2395.TW,2026-07-08,534.5045776367188,546.0,546.0,533.0,546.0,7748196,2026-07-21T20:10:35.390320+08:00
2395.TW,2026-07-09,528.6309204101562,540.0,562.0,537.0,547.0,6665905,2026-07-21T20:10:35.390320+08:00
2395.TW,2026-07-10,528.6309204101562,540.0,540.0,540.0,540.0,0,2026-07-21T20:10:35.390320+08:00
2395.TW,2026-07-13,524.7151489257812,536.0,593.0,535.0,557.0,4391910,2026-07-21T20:10:35.390320+08:00
2395.TW,2026-07-14,517.8624877929688,529.0,553.0,508.0,552.0,2515530,2026-07-21T20:10:35.390320+08:00
2395.TW,2026-07-15,521.7783203125,533.0,539.0,526.0,530.0,1877377,2026-07-21T20:10:35.390320+08:00
2395.TW,2026-07-16,518.8414306640625,530.0,531.0,520.0,530.0,2235822,2026-07-21T20:10:35.390320+08:00
2395.TW,2026-07-17,513.0,513.0,519.0,502.0,518.0,2484202,2026-07-21T20:10:35.390320+08:00
2395.TW,2026-07-20,516.0,516.0,521.0,493.5,519.0,3768551,2026-07-21T20:10:35.390320+08:00
2395.TW,2026-07-21,567.0,567.0,567.0,519.0,525.0,4354632,2026-07-21T20:10:35.390320+08:00
