stock_id,trade_date,adjusted_close,close,high,low,open,volume,updated_at
2880.TW,2024-08-21,23.394351959228516,25.24262237548828,25.536712646484375,25.095577239990234,25.48769760131836,12056499,2026-08-21T21:44:39.391028+08:00
2880.TW,2024-08-22,23.57605743408203,25.438682556152344,25.438682556152344,25.095577239990234,25.291637420654297,7842632,2026-08-21T21:44:39.391028+08:00
2880.TW,2024-08-23,23.348926544189453,25.193607330322266,25.438682556152344,25.14459228515625,25.438682556152344,5862418,2026-08-21T21:44:39.391028+08:00
2880.TW,2024-08-26,23.43977928161621,25.291637420654297,25.536712646484375,25.14459228515625,25.193607330322266,15249732,2026-08-21T21:44:39.391028+08:00
2880.TW,2024-08-27,23.212648391723633,25.04656410217285,25.193607330322266,24.85050392150879,25.095577239990234,17779484,2026-08-21T21:44:39.391028+08:00
2880.TW,2024-08-28,23.121797561645508,24.94853401184082,25.04656410217285,24.703460693359375,24.997549057006836,11076055,2026-08-21T21:44:39.391028+08:00
2880.TW,2024-08-29,22.98552131652832,24.801490783691406,24.85050392150879,24.65444564819336,24.801490783691406,13567658,2026-08-21T21:44:39.391028+08:00
2880.TW,2024-08-30,23.16722297668457,24.997549057006836,24.997549057006836,24.703460693359375,24.899518966674805,24352424,2026-08-21T21:44:39.391028+08:00
2880.TW,2024-09-02,23.121797561645508,24.94853401184082,24.997549057006836,24.703460693359375,24.997549057006836,11316645,2026-08-21T21:44:39.391028+08:00
2880.TW,2024-09-03,23.076372146606445,24.899518966674805,24.899518966674805,24.75247573852539,24.85050392150879,6347916,2026-08-21T21:44:39.391028+08:00
2880.TW,2024-09-04,22.57668685913086,24.360355377197266,24.458385467529297,24.164297103881836,24.311342239379883,25402373,2026-08-21T21:44:39.391028+08:00
2880.TW,2024-09-05,22.98552131652832,24.801490783691406,24.899518966674805,24.360355377197266,24.360355377197266,15052427,2026-08-21T21:44:39.391028+08:00
2880.TW,2024-09-06,23.16722297668457,24.997549057006836,24.997549057006836,24.40937042236328,24.605430603027344,7689414,2026-08-21T21:44:39.391028+08:00
2880.TW,2024-09-09,22.940093994140625,24.75247573852539,24.75247573852539,24.360355377197266,24.360355377197266,14749523,2026-08-21T21:44:39.391028+08:00
2880.TW,2024-09-10,23.076372146606445,24.899518966674805,24.899518966674805,24.65444564819336,24.75247573852539,7956143,2026-08-21T21:44:39.391028+08:00
2880.TW,2024-09-11,22.98552131652832,24.801490783691406,24.94853401184082,24.75247573852539,24.801490783691406,6247339,2026-08-21T21:44:39.391028+08:00
2880.TW,2024-09-12,23.258073806762695,25.095577239990234,25.095577239990234,24.75247573852539,25.095577239990234,14253354,2026-08-21T21:44:39.391028+08:00
2880.TW,2024-09-13,23.212648391723633,25.04656410217285,25.04656410217285,24.899518966674805,24.899518966674805,4667623,2026-08-21T21:44:39.391028+08:00
2880.TW,2024-09-16,23.16722297668457,24.997549057006836,25.095577239990234,24.94853401184082,25.095577239990234,3955489,2026-08-21T21:44:39.391028+08:00
2880.TW,2024-09-18,23.121797561645508,24.94853401184082,25.14459228515625,24.75247573852539,25.04656410217285,10338225,2026-08-21T21:44:39.391028+08:00
2880.TW,2024-09-19,23.43977928161621,25.291637420654297,25.340652465820312,24.899518966674805,24.94853401184082,13328582,2026-08-21T21:44:39.391028+08:00
2880.TW,2024-09-20,23.43977928161621,25.291637420654297,25.389667510986328,25.193607330322266,25.291637420654297,14026050,2026-08-21T21:44:39.391028+08:00
2880.TW,2024-09-23,23.621484756469727,25.48769760131836,25.48769760131836,25.340652465820312,25.389667510986328,7136144,2026-08-21T21:44:39.391028+08:00
2880.TW,2024-09-24,23.621484756469727,25.48769760131836,25.48769760131836,25.340652465820312,25.438682556152344,6410009,2026-08-21T21:44:39.391028+08:00
2880.TW,2024-09-25,23.621484756469727,25.48769760131836,25.634740829467773,25.389667510986328,25.634740829467773,10919386,2026-08-21T21:44:39.391028+08:00
2880.TW,2024-09-26,23.621484756469727,25.48769760131836,25.634740829467773,25.389667510986328,25.585725784301758,13068818,2026-08-21T21:44:39.391028+08:00
2880.TW,2024-09-27,23.43977928161621,25.291637420654297,25.732770919799805,25.291637420654297,25.68375587463379,11019429,2026-08-21T21:44:39.391028+08:00
2880.TW,2024-09-30,23.348926544189453,25.193607330322266,25.585725784301758,25.193607330322266,25.438682556152344,11999460,2026-08-21T21:44:39.391028+08:00
2880.TW,2024-10-01,23.258073806762695,25.095577239990234,25.291637420654297,24.899518966674805,25.24262237548828,7397043,2026-08-21T21:44:39.391028+08:00
2880.TW,2024-10-04,23.16722297668457,24.997549057006836,25.095577239990234,24.85050392150879,24.899518966674805,11819955,2026-08-21T21:44:39.391028+08:00
2880.TW,2024-10-07,23.303499221801758,25.14459228515625,25.24262237548828,24.899518966674805,25.095577239990234,10262171,2026-08-21T21:44:39.391028+08:00
2880.TW,2024-10-08,22.98552131652832,24.801490783691406,25.04656410217285,24.75247573852539,24.94853401184082,11321559,2026-08-21T21:44:39.391028+08:00
2880.TW,2024-10-09,22.98552131652832,24.801490783691406,24.94853401184082,24.801490783691406,24.85050392150879,5863009,2026-08-21T21:44:39.391028+08:00
2880.TW,2024-10-11,23.03094482421875,24.85050392150879,25.095577239990234,24.85050392150879,24.997549057006836,4491044,2026-08-21T21:44:39.391028+08:00
2880.TW,2024-10-14,23.303499221801758,25.14459228515625,25.14459228515625,24.94853401184082,25.095577239990234,7334985,2026-08-21T21:44:39.391028+08:00
2880.TW,2024-10-15,23.666908264160156,25.536712646484375,25.536712646484375,25.04656410217285,25.193607330322266,20526874,2026-08-21T21:44:39.391028+08:00
2880.TW,2024-10-16,23.212648391723633,25.04656410217285,25.24262237548828,25.04656410217285,25.14459228515625,12385689,2026-08-21T21:44:39.391028+08:00
2880.TW,2024-10-17,23.303499221801758,25.14459228515625,25.24262237548828,24.997549057006836,25.095577239990234,5698233,2026-08-21T21:44:39.391028+08:00
2880.TW,2024-10-18,23.621484756469727,25.48769760131836,25.536712646484375,25.193607330322266,25.291637420654297,14768587,2026-08-21T21:44:39.391028+08:00
2880.TW,2024-10-21,23.394351959228516,25.24262237548828,25.634740829467773,25.193607330322266,25.634740829467773,8519107,2026-08-21T21:44:39.391028+08:00
2880.TW,2024-10-22,23.621484756469727,25.48769760131836,25.48769760131836,25.04656410217285,25.193607330322266,11852716,2026-08-21T21:44:39.391028+08:00
2880.TW,2024-10-23,23.212648391723633,25.04656410217285,25.438682556152344,25.04656410217285,25.291637420654297,9667335,2026-08-21T21:44:39.391028+08:00
2880.TW,2024-10-24,23.258073806762695,25.095577239990234,25.095577239990234,24.899518966674805,24.94853401184082,6312782,2026-08-21T21:44:39.391028+08:00
2880.TW,2024-10-25,23.121797561645508,24.94853401184082,25.14459228515625,24.94853401184082,25.04656410217285,6134156,2026-08-21T21:44:39.391028+08:00
2880.TW,2024-10-28,23.212648391723633,25.04656410217285,25.14459228515625,24.899518966674805,24.94853401184082,5566397,2026-08-21T21:44:39.391028+08:00
2880.TW,2024-10-29,23.03094482421875,24.85050392150879,24.997549057006836,24.65444564819336,24.997549057006836,14791942,2026-08-21T21:44:39.391028+08:00
2880.TW,2024-10-30,23.121797561645508,24.94853401184082,24.94853401184082,24.75247573852539,24.94853401184082,9304807,2026-08-21T21:44:39.391028+08:00
2880.TW,2024-11-01,22.849241256713867,24.65444564819336,24.801490783691406,24.507400512695312,24.801490783691406,18076868,2026-08-21T21:44:39.391028+08:00
2880.TW,2024-11-04,23.03094482421875,24.85050392150879,24.94853401184082,24.65444564819336,24.65444564819336,5192902,2026-08-21T21:44:39.391028+08:00
2880.TW,2024-11-05,23.121797561645508,24.94853401184082,24.94853401184082,24.703460693359375,24.703460693359375,7380904,2026-08-21T21:44:39.391028+08:00
2880.TW,2024-11-06,23.03094482421875,24.85050392150879,24.997549057006836,24.75247573852539,24.85050392150879,7956797,2026-08-21T21:44:39.391028+08:00
2880.TW,2024-11-07,23.03094482421875,24.85050392150879,24.997549057006836,24.65444564819336,24.65444564819336,6134536,2026-08-21T21:44:39.391028+08:00
2880.TW,2024-11-08,23.212648391723633,25.04656410217285,25.095577239990234,24.85050392150879,24.94853401184082,9367705,2026-08-21T21:44:39.391028+08:00
2880.TW,2024-11-11,23.16722297668457,24.997549057006836,25.04656410217285,24.703460693359375,24.899518966674805,9499171,2026-08-21T21:44:39.391028+08:00
2880.TW,2024-11-12,23.03094482421875,24.85050392150879,25.04656410217285,24.801490783691406,24.997549057006836,21773697,2026-08-21T21:44:39.391028+08:00
2880.TW,2024-11-13,23.121797561645508,24.94853401184082,25.193607330322266,24.703460693359375,24.703460693359375,20609782,2026-08-21T21:44:39.391028+08:00
2880.TW,2024-11-14,22.940093994140625,24.75247573852539,24.899518966674805,24.605430603027344,24.801490783691406,12174466,2026-08-21T21:44:39.391028+08:00
2880.TW,2024-11-15,22.894668579101562,24.703460693359375,24.997549057006836,24.65444564819336,24.65444564819336,12516878,2026-08-21T21:44:39.391028+08:00
2880.TW,2024-11-18,22.894668579101562,24.703460693359375,24.899518966674805,24.65444564819336,24.85050392150879,13434654,2026-08-21T21:44:39.391028+08:00
2880.TW,2024-11-19,23.121797561645508,24.94853401184082,24.997549057006836,24.703460693359375,24.703460693359375,13568729,2026-08-21T21:44:39.391028+08:00
2880.TW,2024-11-20,22.894668579101562,24.703460693359375,24.899518966674805,24.703460693359375,24.801490783691406,13176593,2026-08-21T21:44:39.391028+08:00
2880.TW,2024-11-21,23.258073806762695,25.095577239990234,25.095577239990234,24.75247573852539,24.801490783691406,18828667,2026-08-21T21:44:39.391028+08:00
2880.TW,2024-11-22,23.16722297668457,24.997549057006836,25.193607330322266,24.94853401184082,25.095577239990234,10235278,2026-08-21T21:44:39.391028+08:00
2880.TW,2024-11-25,23.212648391723633,25.04656410217285,25.193607330322266,24.94853401184082,25.04656410217285,34937140,2026-08-21T21:44:39.391028+08:00
2880.TW,2024-11-26,23.258073806762695,25.095577239990234,25.14459228515625,24.899518966674805,25.04656410217285,11938757,2026-08-21T21:44:39.391028+08:00
2880.TW,2024-11-27,23.803186416625977,25.68375587463379,25.830799102783203,25.14459228515625,25.193607330322266,43900150,2026-08-21T21:44:39.391028+08:00
2880.TW,2024-11-28,23.75775909423828,25.634740829467773,25.78178596496582,25.536712646484375,25.536712646484375,13736667,2026-08-21T21:44:39.391028+08:00
2880.TW,2024-11-29,23.666908264160156,25.536712646484375,25.68375587463379,25.291637420654297,25.389667510986328,22408980,2026-08-21T21:44:39.391028+08:00
2880.TW,2024-12-02,24.030315399169922,25.928829193115234,25.97784423828125,25.389667510986328,25.389667510986328,21570653,2026-08-21T21:44:39.391028+08:00
2880.TW,2024-12-03,24.530000686645508,26.467992782592773,26.467992782592773,26.026859283447266,26.07587432861328,25078683,2026-08-21T21:44:39.391028+08:00
2880.TW,2024-12-04,24.530000686645508,26.467992782592773,26.467992782592773,26.07587432861328,26.369962692260742,17388921,2026-08-21T21:44:39.391028+08:00
2880.TW,2024-12-05,24.530000686645508,26.467992782592773,26.566022872924805,26.320947647094727,26.467992782592773,13246129,2026-08-21T21:44:39.391028+08:00
2880.TW,2024-12-06,24.66628074645996,26.61503791809082,26.61503791809082,26.369962692260742,26.467992782592773,18125759,2026-08-21T21:44:39.391028+08:00
2880.TW,2024-12-09,25.029687881469727,27.007156372070312,27.056169509887695,26.762081146240234,26.81109619140625,29020396,2026-08-21T21:44:39.391028+08:00
2880.TW,2024-12-10,24.757129669189453,26.71306610107422,27.007156372070312,26.61503791809082,27.007156372070312,13122091,2026-08-21T21:44:39.391028+08:00
2880.TW,2024-12-11,24.575428009033203,26.51700782775879,26.81109619140625,26.467992782592773,26.566022872924805,12005227,2026-08-21T21:44:39.391028+08:00
2880.TW,2024-12-12,24.711702346801758,26.664051055908203,26.860111236572266,26.664051055908203,26.81109619140625,14542302,2026-08-21T21:44:39.391028+08:00
2880.TW,2024-12-13,24.575428009033203,26.51700782775879,26.81109619140625,26.51700782775879,26.566022872924805,11141360,2026-08-21T21:44:39.391028+08:00
2880.TW,2024-12-16,24.484575271606445,26.418977737426758,26.762081146240234,26.418977737426758,26.71306610107422,16193221,2026-08-21T21:44:39.391028+08:00
2880.TW,2024-12-17,24.12116813659668,26.026859283447266,26.566022872924805,26.026859283447266,26.369962692260742,39738481,2026-08-21T21:44:39.391028+08:00
2880.TW,2024-12-18,23.803186416625977,25.68375587463379,26.173904418945312,25.68375587463379,25.928829193115234,37628949,2026-08-21T21:44:39.391028+08:00
2880.TW,2024-12-19,23.348926544189453,25.193607330322266,25.585725784301758,25.193607330322266,25.48769760131836,43379256,2026-08-21T21:44:39.391028+08:00
2880.TW,2024-12-20,23.212648391723633,25.04656410217285,25.438682556152344,24.997549057006836,24.997549057006836,130272216,2026-08-21T21:44:39.391028+08:00
2880.TW,2024-12-23,24.030315399169922,25.928829193115234,25.97784423828125,25.14459228515625,25.291637420654297,89846032,2026-08-21T21:44:39.391028+08:00
2880.TW,2024-12-24,24.030315399169922,25.928829193115234,26.467992782592773,25.68375587463379,25.830799102783203,90067421,2026-08-21T21:44:39.391028+08:00
2880.TW,2024-12-25,23.666908264160156,25.536712646484375,26.124889373779297,25.536712646484375,26.026859283447266,75798540,2026-08-21T21:44:39.391028+08:00
2880.TW,2024-12-26,23.939462661743164,25.830799102783203,26.173904418945312,25.634740829467773,25.634740829467773,60339212,2026-08-21T21:44:39.391028+08:00
2880.TW,2024-12-27,23.84861183166504,25.732770919799805,25.97784423828125,25.68375587463379,25.830799102783203,13158119,2026-08-21T21:44:39.391028+08:00
2880.TW,2024-12-30,24.12116813659668,26.026859283447266,26.124889373779297,25.732770919799805,25.830799102783203,14610615,2026-08-21T21:44:39.391028+08:00
2880.TW,2024-12-31,23.75775909423828,25.634740829467773,25.928829193115234,25.634740829467773,25.830799102783203,19961126,2026-08-21T21:44:39.391028+08:00
2880.TW,2025-01-02,23.98488998413086,25.87981414794922,25.87981414794922,25.536712646484375,25.536712646484375,13405998,2026-08-21T21:44:39.391028+08:00
2880.TW,2025-01-03,23.894039154052734,25.78178596496582,25.97784423828125,25.732770919799805,25.830799102783203,9594758,2026-08-21T21:44:39.391028+08:00
2880.TW,2025-01-06,24.484575271606445,26.418977737426758,26.418977737426758,25.87981414794922,25.87981414794922,16068403,2026-08-21T21:44:39.391028+08:00
2880.TW,2025-01-07,24.2574462890625,26.173904418945312,26.467992782592773,26.173904418945312,26.467992782592773,13949625,2026-08-21T21:44:39.391028+08:00
2880.TW,2025-01-08,24.348299026489258,26.271934509277344,26.369962692260742,26.173904418945312,26.173904418945312,8779235,2026-08-21T21:44:39.391028+08:00
2880.TW,2025-01-09,24.620853424072266,26.566022872924805,26.860111236572266,26.173904418945312,26.173904418945312,25368288,2026-08-21T21:44:39.391028+08:00
2880.TW,2025-01-10,24.439149856567383,26.369962692260742,26.566022872924805,26.320947647094727,26.320947647094727,11905484,2026-08-21T21:44:39.391028+08:00
2880.TW,2025-01-13,24.348299026489258,26.271934509277344,26.467992782592773,26.124889373779297,26.271934509277344,17821997,2026-08-21T21:44:39.391028+08:00
2880.TW,2025-01-14,24.893407821655273,26.860111236572266,26.860111236572266,26.51700782775879,26.51700782775879,14834570,2026-08-21T21:44:39.391028+08:00
2880.TW,2025-01-15,24.893407821655273,26.860111236572266,26.958141326904297,26.71306610107422,26.90912628173828,13330172,2026-08-21T21:44:39.391028+08:00
2880.TW,2025-01-16,24.98426055908203,26.958141326904297,27.10518455505371,26.81109619140625,26.958141326904297,11799524,2026-08-21T21:44:39.391028+08:00
2880.TW,2025-01-17,24.893407821655273,26.860111236572266,27.056169509887695,26.81109619140625,26.958141326904297,9695090,2026-08-21T21:44:39.391028+08:00
2880.TW,2025-01-20,24.757129669189453,26.71306610107422,26.90912628173828,26.566022872924805,26.860111236572266,5147390,2026-08-21T21:44:39.391028+08:00
2880.TW,2025-01-21,25.12053871154785,27.10518455505371,27.154199600219727,26.61503791809082,26.71306610107422,11980697,2026-08-21T21:44:39.391028+08:00
2880.TW,2025-01-22,25.438520431518555,27.44828987121582,27.44828987121582,27.10518455505371,27.154199600219727,21237755,2026-08-21T21:44:39.391028+08:00
2880.TW,2025-02-03,25.48394775390625,27.497304916381836,27.54631805419922,27.203214645385742,27.399274826049805,19024995,2026-08-21T21:44:39.391028+08:00
2880.TW,2025-02-04,25.25681495666504,27.252229690551758,27.595333099365234,27.203214645385742,27.54631805419922,11648448,2026-08-21T21:44:39.391028+08:00
2880.TW,2025-02-05,25.302242279052734,27.301244735717773,27.64434814453125,27.203214645385742,27.497304916381836,8746588,2026-08-21T21:44:39.391028+08:00
2880.TW,2025-02-06,25.393095016479492,27.399274826049805,27.399274826049805,27.203214645385742,27.301244735717773,5274361,2026-08-21T21:44:39.391028+08:00
2880.TW,2025-02-07,25.302242279052734,27.301244735717773,27.399274826049805,27.056169509887695,27.301244735717773,6061866,2026-08-21T21:44:39.391028+08:00
2880.TW,2025-02-10,25.347667694091797,27.35025978088379,27.35025978088379,27.007156372070312,27.252229690551758,7582108,2026-08-21T21:44:39.391028+08:00
2880.TW,2025-02-11,25.075111389160156,27.056169509887695,27.399274826049805,26.958141326904297,27.301244735717773,8816932,2026-08-21T21:44:39.391028+08:00
2880.TW,2025-02-12,25.211389541625977,27.203214645385742,27.301244735717773,27.007156372070312,27.301244735717773,10702762,2026-08-21T21:44:39.391028+08:00
2880.TW,2025-02-13,25.347667694091797,27.35025978088379,27.35025978088379,27.10518455505371,27.301244735717773,6962621,2026-08-21T21:44:39.391028+08:00
2880.TW,2025-02-14,25.12053871154785,27.10518455505371,27.301244735717773,27.007156372070312,27.301244735717773,6547291,2026-08-21T21:44:39.391028+08:00
2880.TW,2025-02-17,25.347667694091797,27.35025978088379,27.44828987121582,27.203214645385742,27.252229690551758,7843605,2026-08-21T21:44:39.391028+08:00
2880.TW,2025-02-18,25.393095016479492,27.399274826049805,27.497304916381836,27.252229690551758,27.399274826049805,7165355,2026-08-21T21:44:39.391028+08:00
2880.TW,2025-02-19,25.393095016479492,27.399274826049805,27.399274826049805,27.252229690551758,27.399274826049805,5665978,2026-08-21T21:44:39.391028+08:00
2880.TW,2025-02-20,25.347667694091797,27.35025978088379,27.35025978088379,27.203214645385742,27.35025978088379,4742228,2026-08-21T21:44:39.391028+08:00
2880.TW,2025-02-21,25.347667694091797,27.35025978088379,27.399274826049805,27.252229690551758,27.301244735717773,6642518,2026-08-21T21:44:39.391028+08:00
2880.TW,2025-02-24,25.075111389160156,27.056169509887695,27.154199600219727,27.007156372070312,27.154199600219727,8487598,2026-08-21T21:44:39.391028+08:00
2880.TW,2025-02-25,24.98426055908203,26.958141326904297,27.056169509887695,26.762081146240234,26.762081146240234,6242356,2026-08-21T21:44:39.391028+08:00
2880.TW,2025-02-26,25.25681495666504,27.252229690551758,27.35025978088379,26.860111236572266,26.958141326904297,8904317,2026-08-21T21:44:39.391028+08:00
2880.TW,2025-02-27,25.302242279052734,27.301244735717773,27.35025978088379,27.154199600219727,27.203214645385742,18724515,2026-08-21T21:44:39.391028+08:00
2880.TW,2025-03-03,25.438520431518555,27.44828987121582,27.44828987121582,27.154199600219727,27.35025978088379,10644946,2026-08-21T21:44:39.391028+08:00
2880.TW,2025-03-04,25.075111389160156,27.056169509887695,27.399274826049805,27.056169509887695,27.10518455505371,12276432,2026-08-21T21:44:39.391028+08:00
2880.TW,2025-03-05,25.075111389160156,27.056169509887695,27.203214645385742,27.007156372070312,27.10518455505371,6516445,2026-08-21T21:44:39.391028+08:00
2880.TW,2025-03-06,25.12053871154785,27.10518455505371,27.252229690551758,27.007156372070312,27.252229690551758,6417762,2026-08-21T21:44:39.391028+08:00
2880.TW,2025-03-07,25.029687881469727,27.007156372070312,27.154199600219727,26.90912628173828,27.10518455505371,10552049,2026-08-21T21:44:39.391028+08:00
2880.TW,2025-03-10,24.98426055908203,26.958141326904297,27.154199600219727,26.860111236572266,27.056169509887695,9449540,2026-08-21T21:44:39.391028+08:00
2880.TW,2025-03-11,24.711702346801758,26.664051055908203,26.860111236572266,26.566022872924805,26.61503791809082,13041939,2026-08-21T21:44:39.391028+08:00
2880.TW,2025-03-12,25.075111389160156,27.056169509887695,27.056169509887695,26.762081146240234,26.90912628173828,7858113,2026-08-21T21:44:39.391028+08:00
2880.TW,2025-03-13,24.98426055908203,26.958141326904297,27.10518455505371,26.958141326904297,27.056169509887695,5073818,2026-08-21T21:44:39.391028+08:00
2880.TW,2025-03-14,25.302242279052734,27.301244735717773,27.35025978088379,27.056169509887695,27.154199600219727,8819140,2026-08-21T21:44:39.391028+08:00
2880.TW,2025-03-17,25.25681495666504,27.252229690551758,27.35025978088379,27.10518455505371,27.154199600219727,7016195,2026-08-21T21:44:39.391028+08:00
2880.TW,2025-03-18,25.393095016479492,27.399274826049805,27.497304916381836,27.252229690551758,27.301244735717773,7996658,2026-08-21T21:44:39.391028+08:00
2880.TW,2025-03-19,25.574798583984375,27.595333099365234,27.64434814453125,27.301244735717773,27.44828987121582,17096734,2026-08-21T21:44:39.391028+08:00
2880.TW,2025-03-20,25.620223999023438,27.64434814453125,27.74237823486328,27.497304916381836,27.595333099365234,9495669,2026-08-21T21:44:39.391028+08:00
2880.TW,2025-03-21,25.574798583984375,27.595333099365234,27.889421463012695,27.44828987121582,27.44828987121582,27584024,2026-08-21T21:44:39.391028+08:00
2880.TW,2025-03-24,25.52937126159668,27.54631805419922,27.791393280029297,27.54631805419922,27.595333099365234,12979210,2026-08-21T21:44:39.391028+08:00
2880.TW,2025-03-25,25.665651321411133,27.693363189697266,27.987451553344727,27.54631805419922,27.54631805419922,15147328,2026-08-21T21:44:39.391028+08:00
2880.TW,2025-03-26,25.665651321411133,27.693363189697266,27.889421463012695,27.64434814453125,27.693363189697266,13196107,2026-08-21T21:44:39.391028+08:00
2880.TW,2025-03-27,25.756502151489258,27.791393280029297,27.791393280029297,27.54631805419922,27.54631805419922,12193661,2026-08-21T21:44:39.391028+08:00
2880.TW,2025-03-28,25.52937126159668,27.54631805419922,27.791393280029297,27.44828987121582,27.791393280029297,12432974,2026-08-21T21:44:39.391028+08:00
2880.TW,2025-03-31,25.25681495666504,27.252229690551758,27.595333099365234,27.154199600219727,27.203214645385742,19513857,2026-08-21T21:44:39.391028+08:00
2880.TW,2025-04-01,25.302242279052734,27.301244735717773,27.693363189697266,27.301244735717773,27.35025978088379,12195900,2026-08-21T21:44:39.391028+08:00
2880.TW,2025-04-02,25.48394775390625,27.497304916381836,27.54631805419922,27.301244735717773,27.301244735717773,9143608,2026-08-21T21:44:39.391028+08:00
2880.TW,2025-04-07,22.940093994140625,24.75247573852539,24.997549057006836,24.75247573852539,24.75247573852539,22795865,2026-08-21T21:44:39.391028+08:00
2880.TW,2025-04-08,23.485204696655273,25.340652465820312,26.271934509277344,24.94853401184082,24.997549057006836,30543631,2026-08-21T21:44:39.391028+08:00
2880.TW,2025-04-09,22.758390426635742,24.556415557861328,25.928829193115234,24.556415557861328,25.14459228515625,37320519,2026-08-21T21:44:39.391028+08:00
2880.TW,2025-04-10,24.212018966674805,26.124889373779297,27.007156372070312,25.732770919799805,27.007156372070312,21451974,2026-08-21T21:44:39.391028+08:00
2880.TW,2025-04-11,24.212018966674805,26.124889373779297,26.418977737426758,25.78178596496582,26.07587432861328,19801709,2026-08-21T21:44:39.391028+08:00
2880.TW,2025-04-14,24.12116813659668,26.026859283447266,26.418977737426758,25.830799102783203,26.320947647094727,15717425,2026-08-21T21:44:39.391028+08:00
2880.TW,2025-04-15,24.2574462890625,26.173904418945312,26.418977737426758,25.928829193115234,26.07587432861328,14819751,2026-08-21T21:44:39.391028+08:00
2880.TW,2025-04-16,24.212018966674805,26.124889373779297,26.369962692260742,25.78178596496582,25.830799102783203,13665637,2026-08-21T21:44:39.391028+08:00
2880.TW,2025-04-17,24.302871704101562,26.222919464111328,26.418977737426758,26.07587432861328,26.320947647094727,12050778,2026-08-21T21:44:39.391028+08:00
2880.TW,2025-04-18,24.212018966674805,26.124889373779297,26.320947647094727,26.124889373779297,26.320947647094727,4600213,2026-08-21T21:44:39.391028+08:00
2880.TW,2025-04-21,24.484575271606445,26.418977737426758,26.51700782775879,25.97784423828125,26.173904418945312,11830180,2026-08-21T21:44:39.391028+08:00
2880.TW,2025-04-22,24.439149856567383,26.369962692260742,26.418977737426758,26.026859283447266,26.369962692260742,13001175,2026-08-21T21:44:39.391028+08:00
2880.TW,2025-04-23,24.302871704101562,26.222919464111328,26.566022872924805,26.173904418945312,26.222919464111328,6835501,2026-08-21T21:44:39.391028+08:00
2880.TW,2025-04-24,23.939462661743164,25.830799102783203,26.271934509277344,25.830799102783203,26.124889373779297,8369985,2026-08-21T21:44:39.391028+08:00
2880.TW,2025-04-25,23.98488998413086,25.87981414794922,26.173904418945312,25.87981414794922,25.97784423828125,7299995,2026-08-21T21:44:39.391028+08:00
2880.TW,2025-04-28,24.030315399169922,25.928829193115234,26.026859283447266,25.78178596496582,25.97784423828125,3641898,2026-08-21T21:44:39.391028+08:00
2880.TW,2025-04-29,24.348299026489258,26.271934509277344,26.566022872924805,26.026859283447266,26.026859283447266,11234820,2026-08-21T21:44:39.391028+08:00
2880.TW,2025-04-30,24.530000686645508,26.467992782592773,26.664051055908203,26.173904418945312,26.222919464111328,7870597,2026-08-21T21:44:39.391028+08:00
2880.TW,2025-05-02,24.393722534179688,26.320947647094727,26.566022872924805,26.173904418945312,26.566022872924805,5840233,2026-08-21T21:44:39.391028+08:00
2880.TW,2025-05-05,24.620853424072266,26.566022872924805,26.762081146240234,26.271934509277344,26.566022872924805,12788559,2026-08-21T21:44:39.391028+08:00
2880.TW,2025-05-06,25.393095016479492,27.399274826049805,27.44828987121582,26.664051055908203,26.860111236572266,24026405,2026-08-21T21:44:39.391028+08:00
2880.TW,2025-05-07,25.12053871154785,27.10518455505371,27.84040641784668,26.958141326904297,27.595333099365234,18244216,2026-08-21T21:44:39.391028+08:00
2880.TW,2025-05-08,25.25681495666504,27.252229690551758,27.35025978088379,26.958141326904297,27.10518455505371,9258663,2026-08-21T21:44:39.391028+08:00
2880.TW,2025-05-09,25.438520431518555,27.44828987121582,27.497304916381836,26.860111236572266,27.056169509887695,14340412,2026-08-21T21:44:39.391028+08:00
2880.TW,2025-05-12,25.438520431518555,27.44828987121582,27.595333099365234,27.301244735717773,27.54631805419922,6461051,2026-08-21T21:44:39.391028+08:00
2880.TW,2025-05-13,25.302242279052734,27.301244735717773,27.54631805419922,27.154199600219727,27.54631805419922,8176533,2026-08-21T21:44:39.391028+08:00
2880.TW,2025-05-14,25.347667694091797,27.35025978088379,27.44828987121582,27.203214645385742,27.35025978088379,6186702,2026-08-21T21:44:39.391028+08:00
2880.TW,2025-05-15,25.165964126586914,27.154199600219727,27.301244735717773,27.10518455505371,27.301244735717773,6133938,2026-08-21T21:44:39.391028+08:00
2880.TW,2025-05-16,25.347667694091797,27.35025978088379,27.35025978088379,27.056169509887695,27.252229690551758,8239720,2026-08-21T21:44:39.391028+08:00
2880.TW,2025-05-19,25.302242279052734,27.301244735717773,27.54631805419922,27.056169509887695,27.35025978088379,11677959,2026-08-21T21:44:39.391028+08:00
2880.TW,2025-05-20,25.165964126586914,27.154199600219727,27.399274826049805,27.007156372070312,27.35025978088379,9152706,2026-08-21T21:44:39.391028+08:00
2880.TW,2025-05-21,25.302242279052734,27.301244735717773,27.35025978088379,27.056169509887695,27.252229690551758,9584521,2026-08-21T21:44:39.391028+08:00
2880.TW,2025-05-22,24.757129669189453,26.71306610107422,27.203214645385742,26.664051055908203,27.154199600219727,11566321,2026-08-21T21:44:39.391028+08:00
2880.TW,2025-05-23,24.802555084228516,26.762081146240234,26.860111236572266,26.467992782592773,26.61503791809082,10698555,2026-08-21T21:44:39.391028+08:00
2880.TW,2025-05-26,24.757129669189453,26.71306610107422,27.007156372070312,26.664051055908203,26.762081146240234,11589923,2026-08-21T21:44:39.391028+08:00
2880.TW,2025-05-27,24.530000686645508,26.467992782592773,26.81109619140625,26.467992782592773,26.61503791809082,11829271,2026-08-21T21:44:39.391028+08:00
2880.TW,2025-05-28,24.439149856567383,26.369962692260742,26.664051055908203,26.271934509277344,26.61503791809082,10182014,2026-08-21T21:44:39.391028+08:00
2880.TW,2025-05-29,23.894039154052734,25.78178596496582,26.61503791809082,25.78178596496582,26.61503791809082,41614675,2026-08-21T21:44:39.391028+08:00
2880.TW,2025-06-02,23.71233367919922,25.585725784301758,26.07587432861328,25.585725784301758,25.78178596496582,17862345,2026-08-21T21:44:39.391028+08:00
2880.TW,2025-06-03,23.803186416625977,25.68375587463379,25.97784423828125,25.585725784301758,25.830799102783203,10408294,2026-08-21T21:44:39.391028+08:00
2880.TW,2025-06-04,24.166595458984375,26.07587432861328,26.07587432861328,25.732770919799805,25.78178596496582,17152887,2026-08-21T21:44:39.391028+08:00
2880.TW,2025-06-05,23.939462661743164,25.830799102783203,26.07587432861328,25.78178596496582,26.07587432861328,10641212,2026-08-21T21:44:39.391028+08:00
2880.TW,2025-06-06,23.98488998413086,25.87981414794922,26.124889373779297,25.830799102783203,25.830799102783203,11608121,2026-08-21T21:44:39.391028+08:00
2880.TW,2025-06-09,23.98488998413086,25.87981414794922,26.271934509277344,25.87981414794922,26.07587432861328,12849928,2026-08-21T21:44:39.391028+08:00
2880.TW,2025-06-10,24.212018966674805,26.124889373779297,26.369962692260742,25.97784423828125,26.026859283447266,9795088,2026-08-21T21:44:39.391028+08:00
2880.TW,2025-06-11,24.075742721557617,25.97784423828125,26.222919464111328,25.928829193115234,26.124889373779297,9583040,2026-08-21T21:44:39.391028+08:00
2880.TW,2025-06-12,24.12116813659668,26.026859283447266,26.222919464111328,25.97784423828125,26.222919464111328,5655335,2026-08-21T21:44:39.391028+08:00
2880.TW,2025-06-13,24.302871704101562,26.222919464111328,26.271934509277344,25.830799102783203,25.87981414794922,12401818,2026-08-21T21:44:39.391028+08:00
2880.TW,2025-06-16,24.12116813659668,26.026859283447266,26.222919464111328,26.026859283447266,26.173904418945312,14299975,2026-08-21T21:44:39.391028+08:00
2880.TW,2025-06-17,24.12116813659668,26.026859283447266,26.369962692260742,25.97784423828125,26.173904418945312,33762343,2026-08-21T21:44:39.391028+08:00
2880.TW,2025-06-18,24.12116813659668,26.026859283447266,26.271934509277344,25.928829193115234,26.222919464111328,30459873,2026-08-21T21:44:39.391028+08:00
2880.TW,2025-06-19,24.030315399169922,25.928829193115234,26.124889373779297,25.928829193115234,25.97784423828125,27416324,2026-08-21T21:44:39.391028+08:00
2880.TW,2025-06-20,23.84861183166504,25.732770919799805,25.97784423828125,25.732770919799805,25.928829193115234,30808140,2026-08-21T21:44:39.391028+08:00
2880.TW,2025-06-23,23.71233367919922,25.585725784301758,25.87981414794922,25.585725784301758,25.634740829467773,23679458,2026-08-21T21:44:39.391028+08:00
2880.TW,2025-06-24,24.075742721557617,25.97784423828125,26.173904418945312,25.732770919799805,25.830799102783203,28275942,2026-08-21T21:44:39.391028+08:00
2880.TW,2025-06-25,24.530000686645508,26.467992782592773,26.566022872924805,26.026859283447266,26.026859283447266,30650691,2026-08-21T21:44:39.391028+08:00
2880.TW,2025-06-26,24.711702346801758,26.664051055908203,27.007156372070312,26.566022872924805,26.566022872924805,29793608,2026-08-21T21:44:39.391028+08:00
2880.TW,2025-06-27,24.98426055908203,26.958141326904297,27.154199600219727,26.71306610107422,26.71306610107422,27215850,2026-08-21T21:44:39.391028+08:00
2880.TW,2025-06-30,24.711702346801758,26.664051055908203,27.203214645385742,26.664051055908203,26.90912628173828,28319934,2026-08-21T21:44:39.391028+08:00
2880.TW,2025-07-01,25.075111389160156,27.056169509887695,27.44828987121582,26.71306610107422,26.762081146240234,42618834,2026-08-21T21:44:39.391028+08:00
2880.TW,2025-07-02,25.211389541625977,27.203214645385742,27.301244735717773,26.860111236572266,26.90912628173828,16661346,2026-08-21T21:44:39.391028+08:00
2880.TW,2025-07-03,25.25681495666504,27.252229690551758,27.35025978088379,27.10518455505371,27.10518455505371,14900512,2026-08-21T21:44:39.391028+08:00
2880.TW,2025-07-04,25.393095016479492,27.399274826049805,27.497304916381836,27.301244735717773,27.301244735717773,19671168,2026-08-21T21:44:39.391028+08:00
2880.TW,2025-07-07,25.847352981567383,27.889421463012695,27.93843650817871,27.399274826049805,27.399274826049805,17573894,2026-08-21T21:44:39.391028+08:00
2880.TW,2025-07-08,25.801925659179688,27.84040641784668,28.036466598510742,27.64434814453125,27.889421463012695,11141336,2026-08-21T21:44:39.391028+08:00
2880.TW,2025-07-09,25.438520431518555,27.44828987121582,27.791393280029297,27.35025978088379,27.64434814453125,8136576,2026-08-21T21:44:39.391028+08:00
2880.TW,2025-07-10,25.711074829101562,27.74237823486328,27.889421463012695,27.35025978088379,27.399274826049805,10542740,2026-08-21T21:44:39.391028+08:00
2880.TW,2025-07-11,25.711074829101562,27.74237823486328,27.987451553344727,27.74237823486328,27.74237823486328,10396704,2026-08-21T21:44:39.391028+08:00
2880.TW,2025-07-14,26.07448387145996,28.134496688842773,28.134496688842773,27.791393280029297,27.987451553344727,15880975,2026-08-21T21:44:39.391028+08:00
2880.TW,2025-07-15,25.847352981567383,27.889421463012695,28.134496688842773,27.74237823486328,27.987451553344727,11837722,2026-08-21T21:44:39.391028+08:00
2880.TW,2025-07-16,25.93820571899414,27.987451553344727,28.134496688842773,27.693363189697266,27.84040641784668,19835281,2026-08-21T21:44:39.391028+08:00
2880.TW,2025-07-17,26.34703826904297,28.428585052490234,28.428585052490234,27.987451553344727,28.134496688842773,29634590,2026-08-21T21:44:39.391028+08:00
2880.TW,2025-07-18,26.21076011657715,28.28154182434082,28.47760009765625,28.085481643676758,28.428585052490234,24804397,2026-08-21T21:44:39.391028+08:00
2880.TW,2025-07-21,26.21076011657715,28.28154182434082,28.47760009765625,28.036466598510742,28.28154182434082,17716873,2026-08-21T21:44:39.391028+08:00
2880.TW,2025-07-22,26.25618553161621,28.330554962158203,28.37957000732422,28.036466598510742,28.28154182434082,19326636,2026-08-21T21:44:39.391028+08:00
2880.TW,2025-07-23,26.301610946655273,28.37957000732422,28.428585052490234,28.18351173400879,28.37957000732422,6802078,2026-08-21T21:44:39.391028+08:00
2880.TW,2025-07-24,26.21076011657715,28.28154182434082,28.37957000732422,28.085481643676758,28.330554962158203,12055279,2026-08-21T21:44:39.391028+08:00
2880.TW,2025-07-25,26.07448387145996,28.134496688842773,28.232526779174805,28.085481643676758,28.085481643676758,3453701,2026-08-21T21:44:39.391028+08:00
2880.TW,2025-07-28,25.892778396606445,27.93843650817871,28.330554962158203,27.889421463012695,28.18351173400879,8342644,2026-08-21T21:44:39.391028+08:00
2880.TW,2025-07-29,25.892778396606445,27.93843650817871,28.085481643676758,27.791393280029297,28.036466598510742,8973183,2026-08-21T21:44:39.391028+08:00
2880.TW,2025-07-30,26.07448387145996,28.134496688842773,28.28154182434082,27.93843650817871,27.987451553344727,9057475,2026-08-21T21:44:39.391028+08:00
2880.TW,2025-07-31,26.07448387145996,28.134496688842773,28.232526779174805,27.889421463012695,27.987451553344727,9481160,2026-08-21T21:44:39.391028+08:00
2880.TW,2025-08-04,26.93757438659668,29.065776824951172,29.114791870117188,28.18351173400879,28.18351173400879,22198352,2026-08-21T21:44:39.391028+08:00
2880.TW,2025-08-05,26.846723556518555,28.967748641967773,29.21282196044922,28.918733596801758,29.065776824951172,15099744,2026-08-21T21:44:39.391028+08:00
2880.TW,2025-08-06,27.119279861450195,29.261837005615234,29.40888023376465,28.918733596801758,28.967748641967773,17405713,2026-08-21T21:44:39.391028+08:00
2880.TW,2025-08-07,26.755870819091797,28.869718551635742,29.40888023376465,28.77168846130371,29.40888023376465,21241127,2026-08-21T21:44:39.391028+08:00
2880.TW,2025-08-08,26.93757438659668,29.065776824951172,29.114791870117188,28.820703506469727,28.869718551635742,22854451,2026-08-21T21:44:39.391028+08:00
2880.TW,2025-08-11,26.61959457397461,28.722673416137695,29.01676368713379,28.624643325805664,29.01676368713379,33493940,2026-08-21T21:44:39.391028+08:00
2880.TW,2025-08-12,26.665019989013672,28.77168846130371,28.967748641967773,28.67365837097168,28.722673416137695,38571203,2026-08-21T21:44:39.391028+08:00
2880.TW,2025-08-13,26.60805892944336,27.47524642944336,27.7227725982666,27.376237869262695,27.524751663208008,55105642,2026-08-21T21:44:39.391028+08:00
2880.TW,2025-08-14,26.895715713500977,27.77227783203125,27.871286392211914,27.524751663208008,27.574256896972656,40442962,2026-08-21T21:44:39.391028+08:00
2880.TW,2025-08-15,26.60805892944336,27.47524642944336,27.821781158447266,27.47524642944336,27.77227783203125,19306611,2026-08-21T21:44:39.391028+08:00
2880.TW,2025-08-18,26.99159812927246,27.871286392211914,27.871286392211914,27.42574119567871,27.47524642944336,14503141,2026-08-21T21:44:39.391028+08:00
2880.TW,2025-08-19,26.94365692138672,27.821781158447266,28.019800186157227,27.77227783203125,27.871286392211914,9855133,2026-08-21T21:44:39.391028+08:00
2880.TW,2025-08-20,26.99159812927246,27.871286392211914,28.019800186157227,27.77227783203125,28.019800186157227,10066433,2026-08-21T21:44:39.391028+08:00
2880.TW,2025-08-21,26.99159812927246,27.871286392211914,28.019800186157227,27.821781158447266,27.97029685974121,7474056,2026-08-21T21:44:39.391028+08:00
2880.TW,2025-08-22,26.8477725982666,27.7227725982666,27.871286392211914,27.7227725982666,27.821781158447266,4636279,2026-08-21T21:44:39.391028+08:00
2880.TW,2025-08-25,26.99159812927246,27.871286392211914,27.97029685974121,27.623762130737305,27.920791625976562,6684799,2026-08-21T21:44:39.391028+08:00
2880.TW,2025-08-26,26.464231491088867,27.326732635498047,27.77227783203125,27.326732635498047,27.77227783203125,24429894,2026-08-21T21:44:39.391028+08:00
2880.TW,2025-08-27,26.70394515991211,27.574256896972656,27.7227725982666,27.22772216796875,27.22772216796875,5272377,2026-08-21T21:44:39.391028+08:00
2880.TW,2025-08-28,26.656002044677734,27.524751663208008,27.7227725982666,27.47524642944336,27.574256896972656,9698651,2026-08-21T21:44:39.391028+08:00
2880.TW,2025-08-29,26.75188636779785,27.623762130737305,27.871286392211914,27.574256896972656,27.821781158447266,13095975,2026-08-21T21:44:39.391028+08:00
2880.TW,2025-09-01,27.23130989074707,28.118810653686523,28.168315887451172,27.7227725982666,27.77227783203125,22186640,2026-08-21T21:44:39.391028+08:00
2880.TW,2025-09-02,27.806621551513672,28.712871551513672,28.712871551513672,27.97029685974121,28.019800186157227,18193933,2026-08-21T21:44:39.391028+08:00
2880.TW,2025-09-03,27.998390197753906,28.910890579223633,29.108909606933594,28.514850616455078,29.108909606933594,10442415,2026-08-21T21:44:39.391028+08:00
2880.TW,2025-09-04,27.90250587463379,28.811880111694336,28.96039581298828,28.663366317749023,28.712871551513672,7816512,2026-08-21T21:44:39.391028+08:00
2880.TW,2025-09-05,27.95044708251953,28.861385345458984,28.910890579223633,28.613861083984375,28.811880111694336,5652963,2026-08-21T21:44:39.391028+08:00
2880.TW,2025-09-08,27.90250587463379,28.811880111694336,28.861385345458984,28.663366317749023,28.811880111694336,5435873,2026-08-21T21:44:39.391028+08:00
2880.TW,2025-09-09,28.1422176361084,29.059404373168945,29.158414840698242,28.712871551513672,29.059404373168945,16245580,2026-08-21T21:44:39.391028+08:00
2880.TW,2025-09-10,28.381929397583008,29.306930541992188,29.356435775756836,28.861385345458984,28.96039581298828,16802945,2026-08-21T21:44:39.391028+08:00
2880.TW,2025-09-11,28.28604507446289,29.20792007446289,29.25742530822754,29.059404373168945,29.20792007446289,8827409,2026-08-21T21:44:39.391028+08:00
2880.TW,2025-09-12,28.28604507446289,29.20792007446289,29.40593910217285,29.009899139404297,29.40593910217285,9483620,2026-08-21T21:44:39.391028+08:00
2880.TW,2025-09-15,28.04633331298828,28.96039581298828,29.25742530822754,28.96039581298828,29.25742530822754,6431565,2026-08-21T21:44:39.391028+08:00
2880.TW,2025-09-16,28.094274520874023,29.009899139404297,29.108909606933594,28.811880111694336,29.108909606933594,10956786,2026-08-21T21:44:39.391028+08:00
2880.TW,2025-09-17,28.04633331298828,28.96039581298828,29.20792007446289,28.811880111694336,28.910890579223633,11335038,2026-08-21T21:44:39.391028+08:00
2880.TW,2025-09-18,28.333988189697266,29.25742530822754,29.25742530822754,28.96039581298828,29.108909606933594,12221169,2026-08-21T21:44:39.391028+08:00
2880.TW,2025-09-19,28.04633331298828,28.96039581298828,29.306930541992188,28.96039581298828,29.108909606933594,16833435,2026-08-21T21:44:39.391028+08:00
2880.TW,2025-09-22,28.04633331298828,28.96039581298828,29.059404373168945,28.861385345458984,29.009899139404297,10250995,2026-08-21T21:44:39.391028+08:00
2880.TW,2025-09-23,28.04633331298828,28.96039581298828,29.059404373168945,28.861385345458984,28.910890579223633,12015224,2026-08-21T21:44:39.391028+08:00
2880.TW,2025-09-24,28.1422176361084,29.059404373168945,29.108909606933594,28.910890579223633,28.910890579223633,9843799,2026-08-21T21:44:39.391028+08:00
2880.TW,2025-09-25,27.998390197753906,28.910890579223633,29.158414840698242,28.76237678527832,29.108909606933594,17671518,2026-08-21T21:44:39.391028+08:00
2880.TW,2025-09-26,28.04633331298828,28.96039581298828,28.96039581298828,28.613861083984375,28.910890579223633,9273316,2026-08-21T21:44:39.391028+08:00
2880.TW,2025-09-30,28.381929397583008,29.306930541992188,29.306930541992188,28.96039581298828,29.20792007446289,12889769,2026-08-21T21:44:39.391028+08:00
2880.TW,2025-10-01,28.238101959228516,29.158414840698242,29.306930541992188,29.108909606933594,29.20792007446289,7288430,2026-08-21T21:44:39.391028+08:00
2880.TW,2025-10-02,28.238101959228516,29.158414840698242,29.40593910217285,29.108909606933594,29.158414840698242,8536928,2026-08-21T21:44:39.391028+08:00
2880.TW,2025-10-03,27.90250587463379,28.811880111694336,29.20792007446289,28.811880111694336,29.108909606933594,5408687,2026-08-21T21:44:39.391028+08:00
2880.TW,2025-10-07,27.806621551513672,28.712871551513672,28.811880111694336,28.366336822509766,28.613861083984375,7502570,2026-08-21T21:44:39.391028+08:00
2880.TW,2025-10-08,27.998390197753906,28.910890579223633,29.059404373168945,28.76237678527832,28.811880111694336,6581148,2026-08-21T21:44:39.391028+08:00
2880.TW,2025-10-09,28.04633331298828,28.96039581298828,29.108909606933594,28.811880111694336,28.910890579223633,8271419,2026-08-21T21:44:39.391028+08:00
2880.TW,2025-10-13,28.04633331298828,28.96039581298828,29.009899139404297,28.46534538269043,29.009899139404297,13275181,2026-08-21T21:44:39.391028+08:00
2880.TW,2025-10-14,28.28604507446289,29.20792007446289,29.306930541992188,28.96039581298828,29.158414840698242,19895257,2026-08-21T21:44:39.391028+08:00
2880.TW,2025-10-15,28.429872512817383,29.356435775756836,29.356435775756836,29.009899139404297,29.20792007446289,13521015,2026-08-21T21:44:39.391028+08:00
2880.TW,2025-10-16,28.573699951171875,29.50494956970215,29.653465270996094,29.356435775756836,29.40593910217285,10462119,2026-08-21T21:44:39.391028+08:00
2880.TW,2025-10-17,28.5257568359375,29.4554443359375,29.653465270996094,29.356435775756836,29.653465270996094,11089582,2026-08-21T21:44:39.391028+08:00
2880.TW,2025-10-20,28.477813720703125,29.40593910217285,29.554454803466797,29.158414840698242,29.50494956970215,6629975,2026-08-21T21:44:39.391028+08:00
2880.TW,2025-10-21,28.429872512817383,29.356435775756836,29.603960037231445,29.158414840698242,29.603960037231445,4419326,2026-08-21T21:44:39.391028+08:00
2880.TW,2025-10-22,28.573699951171875,29.50494956970215,29.702970504760742,29.356435775756836,29.50494956970215,12701432,2026-08-21T21:44:39.391028+08:00
2880.TW,2025-10-23,28.621641159057617,29.554454803466797,29.603960037231445,29.40593910217285,29.40593910217285,11338822,2026-08-21T21:44:39.391028+08:00
2880.TW,2025-10-27,28.5257568359375,29.4554443359375,29.702970504760742,29.20792007446289,29.653465270996094,12038884,2026-08-21T21:44:39.391028+08:00
2880.TW,2025-10-28,28.238101959228516,29.158414840698242,29.653465270996094,29.158414840698242,29.653465270996094,8247680,2026-08-21T21:44:39.391028+08:00
2880.TW,2025-10-29,28.333988189697266,29.25742530822754,29.40593910217285,29.059404373168945,29.158414840698242,10999622,2026-08-21T21:44:39.391028+08:00
2880.TW,2025-10-30,28.094274520874023,29.009899139404297,29.40593910217285,28.910890579223633,29.40593910217285,15576529,2026-08-21T21:44:39.391028+08:00
2880.TW,2025-10-31,27.998390197753906,28.910890579223633,29.40593910217285,28.861385345458984,29.356435775756836,9451055,2026-08-21T21:44:39.391028+08:00
2880.TW,2025-11-03,28.19015884399414,29.108909606933594,29.20792007446289,28.811880111694336,28.861385345458984,6459448,2026-08-21T21:44:39.391028+08:00
2880.TW,2025-11-04,28.381929397583008,29.306930541992188,29.356435775756836,29.059404373168945,29.108909606933594,8475816,2026-08-21T21:44:39.391028+08:00
2880.TW,2025-11-05,28.477813720703125,29.40593910217285,29.40593910217285,28.811880111694336,29.108909606933594,11145785,2026-08-21T21:44:39.391028+08:00
2880.TW,2025-11-06,28.381929397583008,29.306930541992188,29.603960037231445,29.108909606933594,29.554454803466797,8886389,2026-08-21T21:44:39.391028+08:00
2880.TW,2025-11-07,28.5257568359375,29.4554443359375,29.603960037231445,29.306930541992188,29.603960037231445,6668976,2026-08-21T21:44:39.391028+08:00
2880.TW,2025-11-10,28.429872512817383,29.356435775756836,29.554454803466797,29.306930541992188,29.4554443359375,8322518,2026-08-21T21:44:39.391028+08:00
2880.TW,2025-11-11,28.573699951171875,29.50494956970215,29.50494956970215,29.20792007446289,29.20792007446289,9447240,2026-08-21T21:44:39.391028+08:00
2880.TW,2025-11-12,28.04633331298828,28.96039581298828,29.702970504760742,28.96039581298828,29.702970504760742,17129421,2026-08-21T21:44:39.391028+08:00
2880.TW,2025-11-13,27.998390197753906,28.910890579223633,29.108909606933594,28.910890579223633,28.910890579223633,6447607,2026-08-21T21:44:39.391028+08:00
2880.TW,2025-11-14,27.806621551513672,28.712871551513672,28.96039581298828,28.613861083984375,28.910890579223633,8907611,2026-08-21T21:44:39.391028+08:00
2880.TW,2025-11-17,27.758678436279297,28.663366317749023,28.811880111694336,28.41584014892578,28.564355850219727,13011663,2026-08-21T21:44:39.391028+08:00
2880.TW,2025-11-18,27.375139236450195,28.26732635498047,28.663366317749023,28.21782112121582,28.41584014892578,16831818,2026-08-21T21:44:39.391028+08:00
2880.TW,2025-11-19,27.183368682861328,28.069305419921875,28.514850616455078,28.069305419921875,28.46534538269043,12196917,2026-08-21T21:44:39.391028+08:00
2880.TW,2025-11-20,27.614850997924805,28.514850616455078,28.663366317749023,28.118810653686523,28.316831588745117,8591410,2026-08-21T21:44:39.391028+08:00
2880.TW,2025-11-21,27.998390197753906,28.910890579223633,29.158414840698242,28.316831588745117,28.712871551513672,17766957,2026-08-21T21:44:39.391028+08:00
2880.TW,2025-11-24,28.28604507446289,29.20792007446289,29.50494956970215,28.861385345458984,29.009899139404297,29931231,2026-08-21T21:44:39.391028+08:00
2880.TW,2025-11-25,27.806621551513672,28.712871551513672,29.4554443359375,28.514850616455078,29.4554443359375,14567966,2026-08-21T21:44:39.391028+08:00
2880.TW,2025-11-26,27.998390197753906,28.910890579223633,29.158414840698242,28.811880111694336,28.861385345458984,7768098,2026-08-21T21:44:39.391028+08:00
2880.TW,2025-11-27,27.90250587463379,28.811880111694336,29.009899139404297,28.613861083984375,28.663366317749023,7973684,2026-08-21T21:44:39.391028+08:00
2880.TW,2025-11-28,28.238101959228516,29.158414840698242,29.158414840698242,28.811880111694336,28.811880111694336,9866476,2026-08-21T21:44:39.391028+08:00
2880.TW,2025-12-01,28.238101959228516,29.158414840698242,29.20792007446289,28.76237678527832,28.76237678527832,12495888,2026-08-21T21:44:39.391028+08:00
2880.TW,2025-12-02,28.957239151000977,29.900989532470703,29.900989532470703,29.108909606933594,29.20792007446289,25993333,2026-08-21T21:44:39.391028+08:00
2880.TW,2025-12-03,29.00518226623535,29.95049476623535,30.0,29.702970504760742,29.900989532470703,12570314,2026-08-21T21:44:39.391028+08:00
2880.TW,2025-12-04,29.48460578918457,30.44554328918457,30.44554328918457,29.900989532470703,30.0,13886311,2026-08-21T21:44:39.391028+08:00
2880.TW,2025-12-05,29.532548904418945,30.49504852294922,30.49504852294922,30.148513793945312,30.346534729003906,8981354,2026-08-21T21:44:39.391028+08:00
2880.TW,2025-12-08,29.292837142944336,30.24752426147461,30.891088485717773,29.900989532470703,30.49504852294922,12632572,2026-08-21T21:44:39.391028+08:00
2880.TW,2025-12-09,29.436662673950195,30.396038055419922,30.544553756713867,30.19801902770996,30.24752426147461,5721067,2026-08-21T21:44:39.391028+08:00
2880.TW,2025-12-10,29.292837142944336,30.24752426147461,30.346534729003906,30.148513793945312,30.19801902770996,5360712,2026-08-21T21:44:39.391028+08:00
2880.TW,2025-12-11,29.48460578918457,30.44554328918457,30.594058990478516,30.0,30.24752426147461,8073801,2026-08-21T21:44:39.391028+08:00
2880.TW,2025-12-12,29.676376342773438,30.643564224243164,30.79207992553711,30.396038055419922,30.693069458007812,10393581,2026-08-21T21:44:39.391028+08:00
2880.TW,2025-12-15,29.916088104248047,30.891088485717773,30.891088485717773,30.24752426147461,30.544553756713867,12405073,2026-08-21T21:44:39.391028+08:00
2880.TW,2025-12-16,30.05991554260254,31.039602279663086,31.138612747192383,30.396038055419922,30.44554328918457,22952925,2026-08-21T21:44:39.391028+08:00
2880.TW,2025-12-17,30.491397857666016,31.48514747619629,31.584157943725586,30.891088485717773,31.039602279663086,25295487,2026-08-21T21:44:39.391028+08:00
2880.TW,2025-12-18,30.3955135345459,31.386138916015625,31.633663177490234,31.039602279663086,31.386138916015625,30183832,2026-08-21T21:44:39.391028+08:00
2880.TW,2025-12-19,30.587282180786133,31.584157943725586,32.178218841552734,31.18811798095703,31.386138916015625,51116118,2026-08-21T21:44:39.391028+08:00
2880.TW,2025-12-22,30.587282180786133,31.584157943725586,31.881187438964844,31.336633682250977,31.48514747619629,46177793,2026-08-21T21:44:39.391028+08:00
2880.TW,2025-12-23,30.683168411254883,31.683168411254883,32.029701232910156,31.18811798095703,31.48514747619629,49579997,2026-08-21T21:44:39.391028+08:00
2880.TW,2025-12-24,30.683168411254883,31.683168411254883,31.683168411254883,31.039602279663086,31.43564224243164,53256916,2026-08-21T21:44:39.391028+08:00
2880.TW,2025-12-26,31.01876449584961,32.029701232910156,32.12871170043945,31.138612747192383,31.48514747619629,54338050,2026-08-21T21:44:39.391028+08:00
2880.TW,2025-12-29,31.01876449584961,32.029701232910156,32.178218841552734,31.48514747619629,31.683168411254883,23018216,2026-08-21T21:44:39.391028+08:00
2880.TW,2025-12-30,30.29962730407715,31.287128448486328,31.98019790649414,31.287128448486328,31.98019790649414,10146172,2026-08-21T21:44:39.391028+08:00
2880.TW,2025-12-31,29.724319458007812,30.693069458007812,31.287128448486328,30.693069458007812,31.287128448486328,11189075,2026-08-21T21:44:39.391028+08:00
2880.TW,2026-01-02,30.20374298095703,31.18811798095703,31.386138916015625,30.74257469177246,30.79207992553711,9862686,2026-08-21T21:44:39.391028+08:00
2880.TW,2026-01-05,30.491397857666016,31.48514747619629,31.831682205200195,30.841583251953125,30.940593719482422,11153320,2026-08-21T21:44:39.391028+08:00
2880.TW,2026-01-06,30.29962730407715,31.287128448486328,31.633663177490234,31.287128448486328,31.48514747619629,9524323,2026-08-21T21:44:39.391028+08:00
2880.TW,2026-01-07,30.155799865722656,31.138612747192383,31.534652709960938,31.089107513427734,31.48514747619629,7201821,2026-08-21T21:44:39.391028+08:00
2880.TW,2026-01-08,30.20374298095703,31.18811798095703,31.386138916015625,30.940593719482422,30.940593719482422,7373081,2026-08-21T21:44:39.391028+08:00
2880.TW,2026-01-09,30.539339065551758,31.534652709960938,31.633663177490234,31.287128448486328,31.287128448486328,5311878,2026-08-21T21:44:39.391028+08:00
2880.TW,2026-01-12,30.779052734375,31.78217887878418,31.881187438964844,31.386138916015625,31.534652709960938,8932764,2026-08-21T21:44:39.391028+08:00
2880.TW,2026-01-13,30.683168411254883,31.683168411254883,32.029701232910156,31.534652709960938,32.029701232910156,12044387,2026-08-21T21:44:39.391028+08:00
2880.TW,2026-01-14,31.066707611083984,32.07920837402344,32.178218841552734,31.683168411254883,31.98019790649414,8447975,2026-08-21T21:44:39.391028+08:00
2880.TW,2026-01-15,31.546131134033203,32.574256896972656,32.67326736450195,32.029701232910156,32.07920837402344,11847822,2026-08-21T21:44:39.391028+08:00
2880.TW,2026-01-16,31.785842895507812,32.821781158447266,33.069305419921875,32.425743103027344,32.77227783203125,11740321,2026-08-21T21:44:39.391028+08:00
2880.TW,2026-01-19,31.92967414855957,32.970298767089844,33.16831588745117,32.22772216796875,32.37623596191406,7803739,2026-08-21T21:44:39.391028+08:00
2880.TW,2026-01-20,31.689958572387695,32.72277069091797,33.16831588745117,32.47524642944336,32.47524642944336,10138139,2026-08-21T21:44:39.391028+08:00
2880.TW,2026-01-21,31.97761344909668,33.01980209350586,33.21781921386719,32.62376022338867,32.77227783203125,15244091,2026-08-21T21:44:39.391028+08:00
2880.TW,2026-01-22,31.881729125976562,32.92079162597656,33.16831588745117,32.72277069091797,33.01980209350586,8956794,2026-08-21T21:44:39.391028+08:00
2880.TW,2026-01-23,31.642017364501953,32.67326736450195,32.970298767089844,32.47524642944336,32.92079162597656,10200023,2026-08-21T21:44:39.391028+08:00
2880.TW,2026-01-26,31.83378791809082,32.87128829956055,32.87128829956055,32.37623596191406,32.67326736450195,8875441,2026-08-21T21:44:39.391028+08:00
2880.TW,2026-01-27,31.689958572387695,32.72277069091797,32.970298767089844,32.574256896972656,32.62376022338867,11631002,2026-08-21T21:44:39.391028+08:00
2880.TW,2026-01-28,32.12144088745117,33.16831588745117,33.16831588745117,32.72277069091797,32.72277069091797,11219287,2026-08-21T21:44:39.391028+08:00
2880.TW,2026-01-29,32.36115264892578,33.41584014892578,33.56435775756836,33.01980209350586,33.069305419921875,13012280,2026-08-21T21:44:39.391028+08:00
2880.TW,2026-01-30,31.73790168762207,32.77227783203125,33.41584014892578,32.47524642944336,33.41584014892578,16817507,2026-08-21T21:44:39.391028+08:00
2880.TW,2026-02-02,31.402305603027344,32.425743103027344,33.16831588745117,32.07920837402344,33.118812561035156,12309510,2026-08-21T21:44:39.391028+08:00
2880.TW,2026-02-03,31.73790168762207,32.77227783203125,33.118812561035156,32.32673263549805,32.32673263549805,8211988,2026-08-21T21:44:39.391028+08:00
2880.TW,2026-02-04,31.785842895507812,32.821781158447266,33.16831588745117,32.77227783203125,32.77227783203125,9841731,2026-08-21T21:44:39.391028+08:00
2880.TW,2026-02-05,32.21732711791992,33.26732635498047,33.366336822509766,32.821781158447266,32.821781158447266,8820896,2026-08-21T21:44:39.391028+08:00
2880.TW,2026-02-06,32.45703887939453,33.51485061645508,33.51485061645508,32.92079162597656,32.970298767089844,8877403,2026-08-21T21:44:39.391028+08:00
2880.TW,2026-02-09,32.55292510986328,33.613861083984375,33.81188201904297,33.21781921386719,33.66336441040039,9852004,2026-08-21T21:44:39.391028+08:00
2880.TW,2026-02-10,32.744693756103516,33.81188201904297,33.81188201904297,33.41584014892578,33.66336441040039,13568749,2026-08-21T21:44:39.391028+08:00
2880.TW,2026-02-11,33.17617416381836,34.257423400878906,34.405941009521484,33.71287155151367,33.861385345458984,19629945,2026-08-21T21:44:39.391028+08:00
2880.TW,2026-02-23,35.18975830078125,36.336631774902344,36.336631774902344,34.60395812988281,35.594058990478516,39304092,2026-08-21T21:44:39.391028+08:00
2880.TW,2026-02-24,35.813011169433594,36.98019790649414,37.178218841552734,35.9901008605957,37.178218841552734,29693960,2026-08-21T21:44:39.391028+08:00
2880.TW,2026-02-25,35.669185638427734,36.83168411254883,37.22772216796875,36.138614654541016,36.68316650390625,26449844,2026-08-21T21:44:39.391028+08:00
2880.TW,2026-02-26,36.53214645385742,37.72277069091797,37.72277069091797,36.43564224243164,36.633663177490234,39431248,2026-08-21T21:44:39.391028+08:00
2880.TW,2026-03-02,35.18975830078125,36.336631774902344,37.62376022338867,36.23762130737305,37.62376022338867,22107090,2026-08-21T21:44:39.391028+08:00
2880.TW,2026-03-03,34.997989654541016,36.138614654541016,36.43564224243164,35.891090393066406,36.336631774902344,14778548,2026-08-21T21:44:39.391028+08:00
2880.TW,2026-03-04,33.559715270996094,34.653465270996094,35.891090393066406,34.50495147705078,35.64356231689453,31460195,2026-08-21T21:44:39.391028+08:00
2880.TW,2026-03-05,33.94325256347656,35.049503326416016,35.4455451965332,34.75247573852539,34.75247573852539,15233096,2026-08-21T21:44:39.391028+08:00
2880.TW,2026-03-06,33.751487731933594,34.85148620605469,35.049503326416016,34.405941009521484,34.4554443359375,8731399,2026-08-21T21:44:39.391028+08:00
2880.TW,2026-03-09,33.17617416381836,34.257423400878906,34.653465270996094,32.22772216796875,32.22772216796875,23271397,2026-08-21T21:44:39.391028+08:00
2880.TW,2026-03-10,32.840579986572266,33.910892486572266,35.4455451965332,33.71287155151367,35.4455451965332,10138333,2026-08-21T21:44:39.391028+08:00
2880.TW,2026-03-11,32.79263687133789,33.861385345458984,34.50495147705078,33.71287155151367,33.71287155151367,10536783,2026-08-21T21:44:39.391028+08:00
2880.TW,2026-03-12,32.45703887939453,33.51485061645508,33.910892486572266,33.366336822509766,33.910892486572266,12070228,2026-08-21T21:44:39.391028+08:00
2880.TW,2026-03-13,32.45703887939453,33.51485061645508,33.81188201904297,33.26732635498047,33.46534729003906,12535137,2026-08-21T21:44:39.391028+08:00
2880.TW,2026-03-16,32.12144088745117,33.16831588745117,33.46534729003906,33.01980209350586,33.46534729003906,12573466,2026-08-21T21:44:39.391028+08:00
2880.TW,2026-03-17,32.02555465698242,33.069305419921875,33.613861083984375,32.87128829956055,33.366336822509766,14475670,2026-08-21T21:44:39.391028+08:00
2880.TW,2026-03-18,32.02555465698242,33.069305419921875,33.26732635498047,32.87128829956055,33.26732635498047,11928631,2026-08-21T21:44:39.391028+08:00
2880.TW,2026-03-19,31.92967414855957,32.970298767089844,33.26732635498047,32.62376022338867,33.21781921386719,11648568,2026-08-21T21:44:39.391028+08:00
2880.TW,2026-03-20,32.16938018798828,33.21781921386719,33.26732635498047,32.67326736450195,32.67326736450195,19017559,2026-08-21T21:44:39.391028+08:00
2880.TW,2026-03-23,31.354360580444336,32.37623596191406,32.77227783203125,31.98019790649414,32.12871170043945,16911686,2026-08-21T21:44:39.391028+08:00
2880.TW,2026-03-24,31.92967414855957,32.970298767089844,33.16831588745117,32.32673263549805,32.67326736450195,15676763,2026-08-21T21:44:39.391028+08:00
2880.TW,2026-03-25,32.744693756103516,33.81188201904297,34.0098991394043,32.970298767089844,33.861385345458984,17188038,2026-08-21T21:44:39.391028+08:00
2880.TW,2026-03-26,32.26526641845703,33.316829681396484,33.66336441040039,33.26732635498047,33.66336441040039,9183117,2026-08-21T21:44:39.391028+08:00
2880.TW,2026-03-27,32.12144088745117,33.16831588745117,33.66336441040039,33.16831588745117,33.316829681396484,15427148,2026-08-21T21:44:39.391028+08:00
2880.TW,2026-03-30,31.73790168762207,32.77227783203125,33.26732635498047,32.178218841552734,32.178218841552734,20587565,2026-08-21T21:44:39.391028+08:00
2880.TW,2026-03-31,31.83378791809082,32.87128829956055,33.316829681396484,32.67326736450195,32.67326736450195,24608065,2026-08-21T21:44:39.391028+08:00
2880.TW,2026-04-01,32.31321334838867,33.366336822509766,33.66336441040039,32.970298767089844,32.970298767089844,15357274,2026-08-21T21:44:39.391028+08:00
2880.TW,2026-04-02,32.45703887939453,33.51485061645508,34.0098991394043,33.366336822509766,33.366336822509766,14983864,2026-08-21T21:44:39.391028+08:00
2880.TW,2026-04-07,32.60086441040039,33.66336441040039,33.910892486572266,33.366336822509766,33.46534729003906,11506477,2026-08-21T21:44:39.391028+08:00
2880.TW,2026-04-08,32.55292510986328,33.613861083984375,34.158416748046875,33.51485061645508,33.861385345458984,13320367,2026-08-21T21:44:39.391028+08:00
2880.TW,2026-04-09,33.17617416381836,34.257423400878906,34.257423400878906,33.51485061645508,33.613861083984375,13824720,2026-08-21T21:44:39.391028+08:00
2880.TW,2026-04-10,32.69675064086914,33.76237487792969,34.50495147705078,33.71287155151367,34.257423400878906,12492478,2026-08-21T21:44:39.391028+08:00
2880.TW,2026-04-13,32.60086441040039,33.66336441040039,34.0098991394043,33.46534729003906,33.76237487792969,9529542,2026-08-21T21:44:39.391028+08:00
2880.TW,2026-04-14,33.559715270996094,34.653465270996094,34.9009895324707,34.05940628051758,34.3564338684082,20999617,2026-08-21T21:44:39.391028+08:00
2880.TW,2026-04-15,34.566505432128906,35.69306945800781,35.841583251953125,34.60395812988281,34.9009895324707,20143138,2026-08-21T21:44:39.391028+08:00
2880.TW,2026-04-16,34.47062301635742,35.594058990478516,36.18811798095703,35.24752426147461,35.841583251953125,19888443,2026-08-21T21:44:39.391028+08:00
2880.TW,2026-04-17,34.662391662597656,35.79207992553711,35.841583251953125,34.9009895324707,35.594058990478516,18748015,2026-08-21T21:44:39.391028+08:00
2880.TW,2026-04-20,34.42267990112305,35.5445556640625,35.94059371948242,35.4455451965332,35.79207992553711,21447022,2026-08-21T21:44:39.391028+08:00
2880.TW,2026-04-21,33.7994270324707,34.9009895324707,36.386138916015625,34.85148620605469,36.386138916015625,19411509,2026-08-21T21:44:39.391028+08:00
2880.TW,2026-04-22,33.7994270324707,34.9009895324707,35.24752426147461,34.75247573852539,34.85148620605469,21648946,2026-08-21T21:44:39.391028+08:00
2880.TW,2026-04-23,33.7994270324707,34.9009895324707,35.24752426147461,34.20792007446289,34.20792007446289,23651642,2026-08-21T21:44:39.391028+08:00
2880.TW,2026-04-24,33.559715270996094,34.653465270996094,35.19801712036133,34.50495147705078,34.9009895324707,15558573,2026-08-21T21:44:39.391028+08:00
2880.TW,2026-04-27,33.7994270324707,34.9009895324707,35.0990104675293,34.30693054199219,34.50495147705078,20020957,2026-08-21T21:44:39.391028+08:00
2880.TW,2026-04-28,31.689958572387695,32.72277069091797,35.049503326416016,32.72277069091797,34.5544548034668,39098915,2026-08-21T21:44:39.391028+08:00
2880.TW,2026-04-29,31.546131134033203,32.574256896972656,33.118812561035156,32.178218841552734,33.118812561035156,28995169,2026-08-21T21:44:39.391028+08:00
2880.TW,2026-04-30,30.731111526489258,31.73267364501953,32.574256896972656,31.73267364501953,32.37623596191406,29448582,2026-08-21T21:44:39.391028+08:00
2880.TW,2026-05-04,30.731111526489258,31.73267364501953,31.98019790649414,31.48514747619629,31.48514747619629,28507325,2026-08-21T21:44:39.391028+08:00
2880.TW,2026-05-05,31.306419372558594,32.32673263549805,32.52475357055664,31.881187438964844,31.98019790649414,10851996,2026-08-21T21:44:39.391028+08:00
2880.TW,2026-05-06,31.354360580444336,32.37623596191406,32.67326736450195,32.32673263549805,32.62376022338867,17880139,2026-08-21T21:44:39.391028+08:00
2880.TW,2026-05-07,31.92967414855957,32.970298767089844,33.366336822509766,32.574256896972656,32.574256896972656,25389605,2026-08-21T21:44:39.391028+08:00
2880.TW,2026-05-08,31.92967414855957,32.970298767089844,33.46534729003906,32.62376022338867,33.46534729003906,19738526,2026-08-21T21:44:39.391028+08:00
2880.TW,2026-05-11,31.881729125976562,32.92079162597656,33.118812561035156,32.821781158447266,33.069305419921875,13876892,2026-08-21T21:44:39.391028+08:00
2880.TW,2026-05-12,31.210535049438477,32.22772216796875,33.16831588745117,32.22772216796875,33.16831588745117,22744311,2026-08-21T21:44:39.391028+08:00
2880.TW,2026-05-13,31.402305603027344,32.425743103027344,32.62376022338867,32.178218841552734,32.22772216796875,11788672,2026-08-21T21:44:39.391028+08:00
2880.TW,2026-05-14,31.25847625732422,32.277225494384766,32.92079162597656,32.12871170043945,32.12871170043945,13673588,2026-08-21T21:44:39.391028+08:00
2880.TW,2026-05-15,31.066707611083984,32.07920837402344,32.821781158447266,32.07920837402344,32.574256896972656,13432327,2026-08-21T21:44:39.391028+08:00
2880.TW,2026-05-18,30.539339065551758,31.534652709960938,32.32673263549805,31.534652709960938,32.32673263549805,21546743,2026-08-21T21:44:39.391028+08:00
2880.TW,2026-05-19,30.874937057495117,31.881187438964844,32.821781158447266,31.683168411254883,31.78217887878418,27017965,2026-08-21T21:44:39.391028+08:00
2880.TW,2026-05-20,30.731111526489258,31.73267364501953,32.277225494384766,31.633663177490234,31.881187438964844,31800992,2026-08-21T21:44:39.391028+08:00
2880.TW,2026-05-21,30.731111526489258,31.73267364501953,32.178218841552734,31.633663177490234,32.178218841552734,31107469,2026-08-21T21:44:39.391028+08:00
2880.TW,2026-05-22,30.635225296020508,31.633663177490234,32.07920837402344,31.287128448486328,31.683168411254883,32320282,2026-08-21T21:44:39.391028+08:00
2880.TW,2026-05-25,29.292837142944336,30.24752426147461,31.683168411254883,30.24752426147461,31.683168411254883,66715307,2026-08-21T21:44:39.391028+08:00
2880.TW,2026-05-26,28.9092960357666,29.851484298706055,31.138612747192383,29.851484298706055,30.544553756713867,79735697,2026-08-21T21:44:39.391028+08:00
2880.TW,2026-05-27,28.717527389526367,29.653465270996094,30.24752426147461,29.653465270996094,30.049503326416016,78873530,2026-08-21T21:44:39.391028+08:00
2880.TW,2026-05-28,28.381929397583008,29.306930541992188,30.0,29.306930541992188,29.801979064941406,96724070,2026-08-21T21:44:39.391028+08:00
2880.TW,2026-05-29,29.24489402770996,30.19801902770996,30.891088485717773,29.50494956970215,29.653465270996094,128937370,2026-08-21T21:44:39.391028+08:00
2880.TW,2026-06-01,31.49818992614746,32.52475357055664,33.118812561035156,30.24752426147461,30.24752426147461,93071124,2026-08-21T21:44:39.391028+08:00
2880.TW,2026-06-02,32.648807525634766,33.71287155151367,34.05940628051758,32.07920837402344,32.178218841552734,116475797,2026-08-21T21:44:39.391028+08:00
2880.TW,2026-06-03,34.902103424072266,36.03960418701172,36.138614654541016,33.366336822509766,33.81188201904297,83417065,2026-08-21T21:44:39.391028+08:00
2880.TW,2026-06-04,36.14860916137695,37.32673263549805,38.21781921386719,35.14851379394531,35.64356231689453,93201444,2026-08-21T21:44:39.391028+08:00
2880.TW,2026-06-05,33.367942810058594,34.4554443359375,36.881187438964844,34.158416748046875,36.78217697143555,40589133,2026-08-21T21:44:39.391028+08:00
2880.TW,2026-06-08,32.12144088745117,33.16831588745117,34.108909606933594,32.67326736450195,33.76237487792969,38557674,2026-08-21T21:44:39.391028+08:00
2880.TW,2026-06-09,33.9911994934082,35.0990104675293,35.24752426147461,33.01980209350586,33.01980209350586,40613921,2026-08-21T21:44:39.391028+08:00
2880.TW,2026-06-10,33.89531326293945,35.0,35.5445556640625,34.20792007446289,34.4554443359375,28253120,2026-08-21T21:44:39.391028+08:00
2880.TW,2026-06-11,34.18296432495117,35.297027587890625,35.94059371948242,34.3564338684082,34.9009895324707,28589538,2026-08-21T21:44:39.391028+08:00
2880.TW,2026-06-12,34.51856231689453,35.64356231689453,36.633663177490234,35.39603805541992,35.5445556640625,38539387,2026-08-21T21:44:39.391028+08:00
2880.TW,2026-06-15,35.18975830078125,36.336631774902344,37.12871170043945,35.74257278442383,37.12871170043945,19019470,2026-08-21T21:44:39.391028+08:00
2880.TW,2026-06-16,35.908897399902344,37.07920837402344,37.22772216796875,36.18811798095703,36.336631774902344,27949947,2026-08-21T21:44:39.391028+08:00
2880.TW,2026-06-17,36.53214645385742,37.72277069091797,38.21781921386719,36.58415985107422,36.58415985107422,33078110,2026-08-21T21:44:39.391028+08:00
2880.TW,2026-06-18,36.7718620300293,37.970298767089844,38.81188201904297,37.62376022338867,37.77227783203125,68397588,2026-08-21T21:44:39.391028+08:00
2880.TW,2026-06-22,36.0527229309082,37.22772216796875,38.118812561035156,36.68316650390625,38.069305419921875,43929838,2026-08-21T21:44:39.391028+08:00
2880.TW,2026-06-23,36.00477981567383,37.178218841552734,37.62376022338867,36.58415985107422,36.83168411254883,48701270,2026-08-21T21:44:39.391028+08:00
2880.TW,2026-06-24,35.477413177490234,36.633663177490234,36.98019790649414,35.891090393066406,36.83168411254883,55413354,2026-08-21T21:44:39.391028+08:00
2880.TW,2026-06-25,36.43626022338867,37.62376022338867,37.62376022338867,36.138614654541016,36.18811798095703,53398962,2026-08-21T21:44:39.391028+08:00
2880.TW,2026-06-26,35.381526947021484,36.53465270996094,37.37623596191406,36.53465270996094,36.53465270996094,28268211,2026-08-21T21:44:39.391028+08:00
2880.TW,2026-06-29,35.76506805419922,36.930694580078125,37.425743103027344,36.633663177490234,37.178218841552734,24263211,2026-08-21T21:44:39.391028+08:00
2880.TW,2026-06-30,36.43626022338867,37.62376022338867,37.77227783203125,36.83168411254883,36.98019790649414,16817857,2026-08-21T21:44:39.391028+08:00
2880.TW,2026-07-01,35.18975830078125,36.336631774902344,38.01980209350586,36.336631774902344,37.47524642944336,18403169,2026-08-21T21:44:39.391028+08:00
2880.TW,2026-07-02,35.0938720703125,36.23762130737305,36.58415985107422,35.9901008605957,35.9901008605957,16202569,2026-08-21T21:44:39.391028+08:00
2880.TW,2026-07-03,36.10066223144531,37.277225494384766,37.574256896972656,35.74257278442383,35.74257278442383,16478215,2026-08-21T21:44:39.391028+08:00
2880.TW,2026-07-06,36.67597579956055,37.87128829956055,38.118812561035156,37.32673263549805,37.425743103027344,12133741,2026-08-21T21:44:39.391028+08:00
2880.TW,2026-07-07,37.347171783447266,38.56435775756836,38.613861083984375,37.62376022338867,37.62376022338867,21135242,2026-08-21T21:44:39.391028+08:00
2880.TW,2026-07-08,38.066307067871094,39.30693054199219,39.30693054199219,38.41584014892578,38.71287155151367,16106153,2026-08-21T21:44:39.391028+08:00
2880.TW,2026-07-09,37.251285552978516,38.46534729003906,39.50495147705078,38.46534729003906,39.30693054199219,9988542,2026-08-21T21:44:39.391028+08:00
2880.TW,2026-07-10,37.251285552978516,38.46534729003906,38.46534729003906,38.46534729003906,38.46534729003906,0,2026-08-21T21:44:39.391028+08:00
2880.TW,2026-07-13,37.395111083984375,38.613861083984375,39.05940628051758,38.366336822509766,38.46534729003906,15445416,2026-08-21T21:44:39.391028+08:00
2880.TW,2026-07-14,37.634822845458984,38.861385345458984,38.910892486572266,37.970298767089844,38.861385345458984,23541591,2026-08-21T21:44:39.391028+08:00
2880.TW,2026-07-15,37.251285552978516,38.46534729003906,39.257423400878906,38.01980209350586,38.71287155151367,20132222,2026-08-21T21:44:39.391028+08:00
2880.TW,2026-07-16,37.778648376464844,39.0098991394043,39.3564338684082,38.316829681396484,38.46534729003906,29905283,2026-08-21T21:44:39.391028+08:00
2880.TW,2026-07-17,38.49778747558594,39.75247573852539,39.85148620605469,38.66336441040039,38.910892486572266,40344268,2026-08-21T21:44:39.391028+08:00
2880.TW,2026-07-20,38.25807571411133,39.50495147705078,40.0990104675293,39.257423400878906,39.85148620605469,45875738,2026-08-21T21:44:39.391028+08:00
2880.TW,2026-07-21,39.121036529541016,40.39603805541992,40.39603805541992,39.405941009521484,39.50495147705078,22282327,2026-08-21T21:44:39.391028+08:00
2880.TW,2026-07-22,39.552520751953125,40.841583251953125,40.841583251953125,39.4554443359375,39.801979064941406,27667806,2026-08-21T21:44:39.391028+08:00
2880.TW,2026-07-23,39.552520751953125,40.841583251953125,40.891090393066406,39.257423400878906,40.891090393066406,30514605,2026-08-21T21:44:39.391028+08:00
2880.TW,2026-07-24,39.02515411376953,40.297027587890625,40.94059371948242,39.5544548034668,39.70296859741211,27466146,2026-08-21T21:44:39.391028+08:00
2880.TW,2026-07-27,39.69635009765625,40.9901008605957,41.53465270996094,39.950496673583984,40.69306945800781,21984525,2026-08-21T21:44:39.391028+08:00
2880.TW,2026-07-28,39.69635009765625,40.9901008605957,41.23762130737305,40.4455451965332,40.594058990478516,21724467,2026-08-21T21:44:39.391028+08:00
2880.TW,2026-07-29,40.07988739013672,41.386138916015625,42.07920837402344,40.297027587890625,41.03960418701172,34941963,2026-08-21T21:44:39.391028+08:00
2880.TW,2026-07-30,40.8949089050293,42.22772216796875,42.22772216796875,40.74257278442383,41.48514938354492,30624485,2026-08-21T21:44:39.391028+08:00
2880.TW,2026-07-31,41.901702880859375,43.26732635498047,44.70296859741211,41.78217697143555,41.78217697143555,36826888,2026-08-21T21:44:39.391028+08:00
2880.TW,2026-08-03,41.278446197509766,42.62376022338867,43.41584014892578,41.73267364501953,42.52475357055664,32211145,2026-08-21T21:44:39.391028+08:00
2880.TW,2026-08-04,41.470218658447266,42.821781158447266,43.66336441040039,41.58415985107422,41.58415985107422,25716176,2026-08-21T21:44:39.391028+08:00
2880.TW,2026-08-05,41.99758529663086,43.366336822509766,43.96039581298828,42.77227783203125,42.87128829956055,21027905,2026-08-21T21:44:39.391028+08:00
2880.TW,2026-08-06,42.23729705810547,43.613861083984375,44.158416748046875,42.77227783203125,42.77227783203125,25658029,2026-08-21T21:44:39.391028+08:00
2880.TW,2026-08-07,42.57289505004883,43.96039581298828,44.158416748046875,42.72277069091797,43.71287155151367,25014629,2026-08-21T21:44:39.391028+08:00
2880.TW,2026-08-10,42.18935775756836,43.56435775756836,44.405941009521484,42.92079162597656,44.257423400878906,25624128,2026-08-21T21:44:39.391028+08:00
2880.TW,2026-08-11,41.853755950927734,43.21781921386719,43.76237487792969,42.970298767089844,43.16831588745117,24964900,2026-08-21T21:44:39.391028+08:00
2880.TW,2026-08-12,41.422279357910156,42.77227783203125,43.51485061645508,42.425743103027344,43.46534729003906,30439672,2026-08-21T21:44:39.391028+08:00
2880.TW,2026-08-13,39.099998474121094,39.099998474121094,41.54999923706055,38.29999923706055,41.5,71533213,2026-08-21T21:44:39.391028+08:00
2880.TW,2026-08-14,38.95000076293945,38.95000076293945,39.0,38.0,39.0,48020853,2026-08-21T21:44:39.391028+08:00
2880.TW,2026-08-17,39.20000076293945,39.20000076293945,39.25,38.0,38.599998474121094,45726309,2026-08-21T21:44:39.391028+08:00
2880.TW,2026-08-18,39.70000076293945,39.70000076293945,40.099998474121094,38.70000076293945,38.900001525878906,33028149,2026-08-21T21:44:39.391028+08:00
2880.TW,2026-08-19,39.0,39.0,39.70000076293945,38.650001525878906,39.54999923706055,24134220,2026-08-21T21:44:39.391028+08:00
2880.TW,2026-08-20,38.79999923706055,38.79999923706055,39.20000076293945,38.599998474121094,39.04999923706055,12254722,2026-08-21T21:44:39.391028+08:00
2880.TW,2026-08-21,39.599998474121094,39.599998474121094,39.79999923706055,38.599998474121094,38.650001525878906,17489429,2026-08-21T21:44:39.391028+08:00
